algoritmo utilizado,numero a buscar,tamano de n,tiempo real,encontrado
1,0,100,2.8610229492e-06,1
1,5000,100,4.0531158447e-06,-1
1,61396,100,2.1457672119e-06,-1
1,152503,100,2.8610229492e-06,-1
1,214826,100,4.0531158447e-06,-1
1,322486,100,4.0531158447e-06,-1
1,3128036,100,2.8610229492e-06,-1
1,6337399,100,2.8610229492e-06,-1
1,10393545,100,1.9073486328e-06,-1
1,14700764,100,3.0994415283e-06,-1
1,187645041,100,1.9073486328e-06,-1
1,450057883,100,3.0994415283e-06,-1
1,1295390003,100,1.9073486328e-06,-1
1,1360839354,100,2.8610229492e-06,-1
1,1493283650,100,2.8610229492e-06,-1
1,1843349527,100,2.8610229492e-06,-1
1,1980098116,100,1.9073486328e-06,-1
1,2109248666,100,3.0994415283e-06,-1
1,2147445644,100,2.8610229492e-06,-1
1,2147470852,100,2.8610229492e-06,-1
 , ,promedio,=sum(D2:D21)/count(D2:D21), 
1,0,1000,9.5367431641e-07,1
1,5000,1000,6.9141387939e-06,-1
1,61396,1000,5.9604644775e-06,-1
1,152503,1000,7.1525573730e-06,-1
1,214826,1000,5.9604644775e-06,-1
1,322486,1000,8.1062316895e-06,-1
1,3128036,1000,7.1525573730e-06,-1
1,6337399,1000,7.1525573730e-06,-1
1,10393545,1000,6.9141387939e-06,-1
1,14700764,1000,6.9141387939e-06,-1
1,187645041,1000,7.1525573730e-06,-1
1,450057883,1000,8.1062316895e-06,-1
1,1295390003,1000,1.0013580322e-05,-1
1,1360839354,1000,1.0013580322e-05,-1
1,1493283650,1000,8.1062316895e-06,-1
1,1843349527,1000,8.1062316895e-06,-1
1,1980098116,1000,8.1062316895e-06,-1
1,2109248666,1000,6.9141387939e-06,-1
1,2147445644,1000,1.0013580322e-05,-1
1,2147470852,1000,7.1525573730e-06,-1
 , ,promedio,=sum(D23:D42)/count(D23:D42), 
1,0,5000,2.1457672119e-06,1
1,5000,5000,2.6941299438e-05,-1
1,61396,5000,2.8133392334e-05,-1
1,152503,5000,3.9100646973e-05,-1
1,214826,5000,3.0040740967e-05,-1
1,322486,5000,1.0013580322e-05,1
1,3128036,5000,2.7179718018e-05,-1
1,6337399,5000,2.6941299438e-05,-1
1,10393545,5000,3.0994415283e-05,-1
1,14700764,5000,3.0040740967e-05,-1
1,187645041,5000,3.0994415283e-05,-1
1,450057883,5000,3.0994415283e-05,-1
1,1295390003,5000,3.0040740967e-05,-1
1,1360839354,5000,2.7179718018e-05,-1
1,1493283650,5000,2.7894973755e-05,-1
1,1843349527,5000,3.0994415283e-05,-1
1,1980098116,5000,2.7894973755e-05,-1
1,2109248666,5000,3.0994415283e-05,-1
1,2147445644,5000,3.0994415283e-05,-1
1,2147470852,5000,3.0040740967e-05,-1
 , ,promedio,=sum(D44:D63)/count(D44:D63), 
1,0,10000,2.8610229492e-06,1
1,5000,10000,5.8889389038e-05,-1
1,61396,10000,5.7935714722e-05,-1
1,152503,10000,5.8889389038e-05,-1
1,214826,10000,5.7935714722e-05,-1
1,322486,10000,1.0967254639e-05,1
1,3128036,10000,7.6055526733e-05,-1
1,6337399,10000,5.8174133301e-05,-1
1,10393545,10000,5.9127807617e-05,-1
1,14700764,10000,5.2928924561e-05,-1
1,187645041,10000,7.5101852417e-05,-1
1,450057883,10000,5.1975250244e-05,-1
1,1295390003,10000,5.9127807617e-05,-1
1,1360839354,10000,5.2928924561e-05,-1
1,1493283650,10000,5.3167343140e-05,-1
1,1843349527,10000,7.5101852417e-05,-1
1,1980098116,10000,5.8889389038e-05,-1
1,2109248666,10000,6.0081481934e-05,-1
1,2147445644,10000,5.9127807617e-05,-1
1,2147470852,10000,5.8889389038e-05,-1
 , ,promedio,=sum(D65:D84)/count(D65:D84), 
1,0,50000,1.9073486328e-06,1
1,5000,50000,3.6692619324e-04,-1
1,61396,50000,2.5701522827e-04,-1
1,152503,50000,2.5701522827e-04,-1
1,214826,50000,2.5796890259e-04,-1
1,322486,50000,1.0013580322e-05,1
1,3128036,50000,8.5830688477e-05,1
1,6337399,50000,1.7118453979e-04,1
1,10393545,50000,2.4914741516e-04,1
1,14700764,50000,2.5701522827e-04,-1
1,187645041,50000,2.8491020203e-04,-1
1,450057883,50000,3.6692619324e-04,-1
1,1295390003,50000,2.8514862061e-04,-1
1,1360839354,50000,2.5701522827e-04,-1
1,1493283650,50000,3.6716461182e-04,-1
1,1843349527,50000,2.8514862061e-04,-1
1,1980098116,50000,2.8514862061e-04,-1
1,2109248666,50000,2.8491020203e-04,-1
1,2147445644,50000,3.0088424683e-04,-1
1,2147470852,50000,2.5701522827e-04,-1
 , ,promedio,=sum(D86:D105)/count(D86:D105), 
1,0,100000,2.1457672119e-06,1
1,5000,100000,5.2309036255e-04,-1
1,61396,100000,5.7101249695e-04,-1
1,152503,100000,5.7196617126e-04,-1
1,214826,100000,5.4001808167e-04,-1
1,322486,100000,1.0013580322e-05,1
1,3128036,100000,7.8916549683e-05,1
1,6337399,100000,1.5497207642e-04,1
1,10393545,100000,2.5081634521e-04,1
1,14700764,100000,5.1498413086e-04,-1
1,187645041,100000,5.7196617126e-04,-1
1,450057883,100000,5.7196617126e-04,-1
1,1295390003,100000,5.3405761719e-04,-1
1,1360839354,100000,5.1498413086e-04,-1
1,1493283650,100000,5.1593780518e-04,-1
1,1843349527,100000,5.1498413086e-04,-1
1,1980098116,100000,5.1617622375e-04,-1
1,2109248666,100000,5.2094459534e-04,-1
1,2147445644,100000,5.7196617126e-04,-1
1,2147470852,100000,5.1689147949e-04,-1
 , ,promedio,=sum(D107:D126)/count(D107:D126), 
1,0,200000,2.1457672119e-06,1
1,5000,200000,1.0318756104e-03,-1
1,61396,200000,1.0490417480e-03,-1
1,152503,200000,1.0340213776e-03,-1
1,214826,200000,1.0449886322e-03,-1
1,322486,200000,1.0967254639e-05,1
1,3128036,200000,7.7962875366e-05,1
1,6337399,200000,1.5497207642e-04,1
1,10393545,200000,2.6702880859e-04,1
1,14700764,200000,1.0409355164e-03,-1
1,187645041,200000,1.0330677032e-03,-1
1,450057883,200000,1.0330677032e-03,-1
1,1295390003,200000,1.0340213776e-03,-1
1,1360839354,200000,1.0390281677e-03,-1
1,1493283650,200000,1.0490417480e-03,-1
1,1843349527,200000,1.0879039764e-03,-1
1,1980098116,200000,1.0340213776e-03,-1
1,2109248666,200000,1.0449886322e-03,-1
1,2147445644,200000,1.0352134705e-03,-1
1,2147470852,200000,1.0330677032e-03,-1
 , ,promedio,=sum(D128:D147)/count(D128:D147), 
1,0,400000,1.9073486328e-06,1
1,5000,400000,2.1028518677e-03,-1
1,61396,400000,2.0761489868e-03,-1
1,152503,400000,2.1071434021e-03,-1
1,214826,400000,2.0730495453e-03,-1
1,322486,400000,1.0013580322e-05,1
1,3128036,400000,7.7962875366e-05,1
1,6337399,400000,1.5497207642e-04,1
1,10393545,400000,2.5415420532e-04,1
1,14700764,400000,2.0840167999e-03,-1
1,187645041,400000,2.0740032196e-03,-1
1,450057883,400000,2.0828247070e-03,-1
1,1295390003,400000,2.1049976349e-03,-1
1,1360839354,400000,2.0749568939e-03,-1
1,1493283650,400000,2.0980834961e-03,-1
1,1843349527,400000,2.0999908447e-03,-1
1,1980098116,400000,2.0859241486e-03,-1
1,2109248666,400000,2.0830631256e-03,-1
1,2147445644,400000,2.0740032196e-03,-1
1,2147470852,400000,2.0740032196e-03,-1
 , ,promedio,=sum(D149:D168)/count(D149:D168), 
1,0,600000,1.9073486328e-06,1
1,5000,600000,3.1199455261e-03,-1
1,61396,600000,3.1249523163e-03,-1
1,152503,600000,3.1259059906e-03,-1
1,214826,600000,3.1321048737e-03,-1
1,322486,600000,1.0013580322e-05,1
1,3128036,600000,7.8916549683e-05,1
1,6337399,600000,1.5592575073e-04,1
1,10393545,600000,2.5987625122e-04,1
1,14700764,600000,3.1380653381e-03,-1
1,187645041,600000,3.1239986420e-03,-1
1,450057883,600000,3.1249523163e-03,-1
1,1295390003,600000,3.1251907349e-03,-1
1,1360839354,600000,3.1239986420e-03,-1
1,1493283650,600000,3.1270980835e-03,-1
1,1843349527,600000,3.1409263611e-03,-1
1,1980098116,600000,3.1239986420e-03,-1
1,2109248666,600000,3.1278133392e-03,-1
1,2147445644,600000,3.1318664551e-03,-1
1,2147470852,600000,3.1280517578e-03,-1
 , ,promedio,=sum(D170:D189)/count(D170:D189), 
1,0,800000,1.9073486328e-06,1
1,5000,800000,4.1730403900e-03,-1
1,61396,800000,4.1790008545e-03,-1
1,152503,800000,4.1670799255e-03,-1
1,214826,800000,4.1720867157e-03,-1
1,322486,800000,9.7751617432e-06,1
1,3128036,800000,8.0108642578e-05,1
1,6337399,800000,1.5616416931e-04,1
1,10393545,800000,2.5415420532e-04,1
1,14700764,800000,4.1689872742e-03,-1
1,187645041,800000,4.1780471802e-03,-1
1,450057883,800000,4.1918754578e-03,-1
1,1295390003,800000,4.1749477386e-03,-1
1,1360839354,800000,4.1728019714e-03,-1
1,1493283650,800000,4.1878223419e-03,-1
1,1843349527,800000,4.1708946228e-03,-1
1,1980098116,800000,4.2018890381e-03,-1
1,2109248666,800000,4.1718482971e-03,-1
1,2147445644,800000,4.1699409485e-03,-1
1,2147470852,800000,4.1739940643e-03,-1
 , ,promedio,=sum(D191:D210)/count(D191:D210), 
1,0,1000000,2.1457672119e-06,1
1,5000,1000000,5.2139759064e-03,-1
1,61396,1000000,5.2311420441e-03,-1
1,152503,1000000,5.2399635315e-03,-1
1,214826,1000000,5.2230358124e-03,-1
1,322486,1000000,1.0967254639e-05,1
1,3128036,1000000,8.0108642578e-05,1
1,6337399,1000000,1.5592575073e-04,1
1,10393545,1000000,2.5510787964e-04,1
1,14700764,1000000,5.2127838135e-03,-1
1,187645041,1000000,5.2211284637e-03,-1
1,450057883,1000000,5.2399635315e-03,-1
1,1295390003,1000000,5.2180290222e-03,-1
1,1360839354,1000000,5.2239894867e-03,-1
1,1493283650,1000000,5.2208900452e-03,-1
1,1843349527,1000000,5.2380561829e-03,-1
1,1980098116,1000000,5.2151679993e-03,-1
1,2109248666,1000000,5.2418708801e-03,-1
1,2147445644,1000000,5.2161216736e-03,-1
1,2147470852,1000000,5.2189826965e-03,-1
 , ,promedio,=sum(D212:D231)/count(D212:D231), 
1,0,2000000,3.0994415283e-06,1
1,5000,2000000,1.0430097580e-02,-1
1,61396,2000000,1.0436058044e-02,-1
1,152503,2000000,1.0514020920e-02,-1
1,214826,2000000,1.0436058044e-02,-1
1,322486,2000000,1.1205673218e-05,1
1,3128036,2000000,7.8916549683e-05,1
1,6337399,2000000,1.5592575073e-04,1
1,10393545,2000000,2.5391578674e-04,1
1,14700764,2000000,1.0458946228e-02,-1
1,187645041,2000000,1.0455131531e-02,-1
1,450057883,2000000,1.0449886322e-02,-1
1,1295390003,2000000,1.0447978973e-02,-1
1,1360839354,2000000,1.0552167892e-02,-1
1,1493283650,2000000,1.0457038879e-02,-1
1,1843349527,2000000,1.0446071625e-02,-1
1,1980098116,2000000,1.0450124741e-02,-1
1,2109248666,2000000,1.0445833206e-02,-1
1,2147445644,2000000,1.0616064072e-02,-1
1,2147470852,2000000,1.0494947433e-02,-1
 , ,promedio,=sum(D233:D252)/count(D233:D252), 
1,0,3000000,3.0994415283e-06,1
1,5000,3000000,1.5676021576e-02,-1
1,61396,3000000,1.5670061111e-02,-1
1,152503,3000000,1.5649080276e-02,-1
1,214826,3000000,1.5685081482e-02,-1
1,322486,3000000,1.0013580322e-05,1
1,3128036,3000000,7.8916549683e-05,1
1,6337399,3000000,1.5592575073e-04,1
1,10393545,3000000,2.5391578674e-04,1
1,14700764,3000000,1.5712022781e-02,-1
1,187645041,3000000,1.5707969666e-02,-1
1,450057883,3000000,1.5684843063e-02,-1
1,1295390003,3000000,1.5657901764e-02,-1
1,1360839354,3000000,1.5692949295e-02,-1
1,1493283650,3000000,1.5680074692e-02,-1
1,1843349527,3000000,1.5653133392e-02,-1
1,1980098116,3000000,1.5725851059e-02,-1
1,2109248666,3000000,1.5681028366e-02,-1
1,2147445644,3000000,1.5653848648e-02,-1
1,2147470852,3000000,1.5676975250e-02,-1
 , ,promedio,=sum(D254:D273)/count(D254:D273), 
1,0,4000000,1.9073486328e-06,1
1,5000,4000000,2.0869970322e-02,-1
1,61396,4000000,2.0956993103e-02,-1
1,152503,4000000,2.0889997482e-02,-1
1,214826,4000000,2.0975112915e-02,-1
1,322486,4000000,1.0013580322e-05,1
1,3128036,4000000,7.8916549683e-05,1
1,6337399,4000000,1.5592575073e-04,1
1,10393545,4000000,2.5391578674e-04,1
1,14700764,4000000,2.0865201950e-02,-1
1,187645041,4000000,2.0975828171e-02,-1
1,450057883,4000000,2.0889997482e-02,-1
1,1295390003,4000000,2.0873069763e-02,-1
1,1360839354,4000000,2.0936012268e-02,-1
1,1493283650,4000000,2.0879983902e-02,-1
1,1843349527,4000000,2.0864009857e-02,-1
1,1980098116,4000000,2.0904064178e-02,-1
1,2109248666,4000000,2.0891904831e-02,-1
1,2147445644,4000000,2.0923137665e-02,-1
1,2147470852,4000000,2.0923137665e-02,-1
 , ,promedio,=sum(D275:D294)/count(D275:D294), 
1,0,5000000,1.9073486328e-06,1
1,5000,5000000,2.6108980179e-02,-1
1,61396,5000000,2.6087999344e-02,-1
1,152503,5000000,2.6292085648e-02,-1
1,214826,5000000,2.6109933853e-02,-1
1,322486,5000000,1.0967254639e-05,1
1,3128036,5000000,7.8916549683e-05,1
1,6337399,5000000,1.5592575073e-04,1
1,10393545,5000000,2.5510787964e-04,1
1,14700764,5000000,2.6111125946e-02,-1
1,187645041,5000000,2.6129007339e-02,-1
1,450057883,5000000,2.6167154312e-02,-1
1,1295390003,5000000,2.6122808456e-02,-1
1,1360839354,5000000,2.6171922684e-02,-1
1,1493283650,5000000,2.6110887527e-02,-1
1,1843349527,5000000,2.6110172272e-02,-1
1,1980098116,5000000,2.6098012924e-02,-1
1,2109248666,5000000,2.6185989380e-02,-1
1,2147445644,5000000,2.6126861572e-02,-1
1,2147470852,5000000,2.6152849197e-02,-1
 , ,promedio,=sum(D296:D315)/count(D296:D315), 
1,0,6000000,3.0994415283e-06,1
1,5000,6000000,3.1363010406e-02,-1
1,61396,6000000,3.1407117844e-02,-1
1,152503,6000000,3.1378984451e-02,-1
1,214826,6000000,3.1467914581e-02,-1
1,322486,6000000,1.0967254639e-05,1
1,3128036,6000000,7.8916549683e-05,1
1,6337399,6000000,1.5616416931e-04,1
1,10393545,6000000,2.5415420532e-04,1
1,14700764,6000000,3.1330108643e-02,-1
1,187645041,6000000,3.1405925751e-02,-1
1,450057883,6000000,3.1337976456e-02,-1
1,1295390003,6000000,3.1491041183e-02,-1
1,1360839354,6000000,3.1383991241e-02,-1
1,1493283650,6000000,3.1355142593e-02,-1
1,1843349527,6000000,3.1405925751e-02,-1
1,1980098116,6000000,3.1435966492e-02,-1
1,2109248666,6000000,3.1383991241e-02,-1
1,2147445644,6000000,3.1311988831e-02,-1
1,2147470852,6000000,3.1368017197e-02,-1
 , ,promedio,=sum(D317:D336)/count(D317:D336), 
1,0,7000000,2.8610229492e-06,1
1,5000,7000000,3.6653995514e-02,-1
1,61396,7000000,3.6571025848e-02,-1
1,152503,7000000,3.6550998688e-02,-1
1,214826,7000000,3.6549091339e-02,-1
1,322486,7000000,1.0967254639e-05,1
1,3128036,7000000,7.9154968262e-05,1
1,6337399,7000000,1.5592575073e-04,1
1,10393545,7000000,2.5415420532e-04,1
1,14700764,7000000,3.6722898483e-02,-1
1,187645041,7000000,3.6550998688e-02,-1
1,450057883,7000000,3.6548852921e-02,-1
1,1295390003,7000000,3.1524896622e-02,1
1,1360839354,7000000,3.6560058594e-02,-1
1,1493283650,7000000,3.6318063736e-02,1
1,1843349527,7000000,3.6543130875e-02,-1
1,1980098116,7000000,3.6558866501e-02,-1
1,2109248666,7000000,3.6626815796e-02,-1
1,2147445644,7000000,3.6570072174e-02,-1
1,2147470852,7000000,3.6526918411e-02,-1
 , ,promedio,=sum(D338:D357)/count(D338:D357), 
1,0,8000000,2.1457672119e-06,1
1,5000,8000000,4.1848897934e-02,-1
1,61396,8000000,4.1798114777e-02,-1
1,152503,8000000,4.1896820068e-02,-1
1,214826,8000000,4.1798830032e-02,-1
1,322486,8000000,1.0967254639e-05,1
1,3128036,8000000,7.8916549683e-05,1
1,6337399,8000000,1.5592575073e-04,1
1,10393545,8000000,2.5510787964e-04,1
1,14700764,8000000,4.1749000549e-02,-1
1,187645041,8000000,4.1776895523e-02,-1
1,450057883,8000000,4.1805028915e-02,-1
1,1295390003,8000000,3.1461000443e-02,1
1,1360839354,8000000,4.1826963425e-02,-1
1,1493283650,8000000,3.6283969879e-02,1
1,1843349527,8000000,4.1800975800e-02,-1
1,1980098116,8000000,4.1821956635e-02,-1
1,2109248666,8000000,4.1844844818e-02,-1
1,2147445644,8000000,4.1866064072e-02,-1
1,2147470852,8000000,4.1769027710e-02,-1
 , ,promedio,=sum(D359:D378)/count(D359:D378), 
1,0,9000000,1.9073486328e-06,1
1,5000,9000000,4.6998023987e-02,-1
1,61396,9000000,4.7003984451e-02,-1
1,152503,9000000,4.6966075897e-02,-1
1,214826,9000000,4.7037839890e-02,-1
1,322486,9000000,1.2159347534e-05,1
1,3128036,9000000,7.8916549683e-05,1
1,6337399,9000000,1.5711784363e-04,1
1,10393545,9000000,2.5391578674e-04,1
1,14700764,9000000,4.7019958496e-02,-1
1,187645041,9000000,4.7051906586e-02,-1
1,450057883,9000000,4.7069072723e-02,-1
1,1295390003,9000000,3.1466007233e-02,1
1,1360839354,9000000,4.7017097473e-02,-1
1,1493283650,9000000,3.6303043365e-02,1
1,1843349527,9000000,4.4821977615e-02,1
1,1980098116,9000000,4.7019958496e-02,-1
1,2109248666,9000000,4.6988010406e-02,-1
1,2147445644,9000000,4.7161102295e-02,-1
1,2147470852,9000000,4.7107934952e-02,-1
 , ,promedio,=sum(D380:D399)/count(D380:D399), 
1,0,10000000,2.1457672119e-06,1
1,5000,10000000,5.2228927612e-02,-1
1,61396,10000000,5.2370071411e-02,-1
1,152503,10000000,5.2324056625e-02,-1
1,214826,10000000,5.2232027054e-02,-1
1,322486,10000000,1.0013580322e-05,1
1,3128036,10000000,7.8916549683e-05,1
1,6337399,10000000,1.5592575073e-04,1
1,10393545,10000000,2.5391578674e-04,1
1,14700764,10000000,5.2224159241e-02,-1
1,187645041,10000000,5.2239894867e-02,-1
1,450057883,10000000,5.2254915237e-02,-1
1,1295390003,10000000,3.1508922577e-02,1
1,1360839354,10000000,5.2380084991e-02,-1
1,1493283650,10000000,3.6359071732e-02,1
1,1843349527,10000000,4.4852018356e-02,1
1,1980098116,10000000,5.2268028259e-02,-1
1,2109248666,10000000,5.1327943802e-02,1
1,2147445644,10000000,5.2295923233e-02,-1
1,2147470852,10000000,5.2273035049e-02,1
 , ,promedio,=sum(D401:D420)/count(D401:D420), 
2,0,100,2.1457672119e-06,1
2,5000,100,2.8610229492e-06,-1
2,61396,100,2.8610229492e-06,-1
2,152503,100,3.0994415283e-06,-1
2,214826,100,2.1457672119e-06,-1
2,322486,100,1.9073486328e-06,-1
2,3128036,100,2.1457672119e-06,-1
2,6337399,100,1.9073486328e-06,-1
2,10393545,100,2.1457672119e-06,-1
2,14700764,100,3.0994415283e-06,-1
2,187645041,100,1.9073486328e-06,-1
2,450057883,100,1.9073486328e-06,-1
2,1295390003,100,3.0994415283e-06,-1
2,1360839354,100,1.9073486328e-06,-1
2,1493283650,100,1.9073486328e-06,-1
2,1843349527,100,2.1457672119e-06,-1
2,1980098116,100,2.8610229492e-06,-1
2,2109248666,100,1.9073486328e-06,-1
2,2147445644,100,2.8610229492e-06,-1
2,2147470852,100,3.0994415283e-06,-1
 , ,promedio,=sum(D422:D441)/count(D422:D441), 
2,0,1000,1.9073486328e-06,1
2,5000,1000,1.9073486328e-06,-1
2,61396,1000,2.8610229492e-06,-1
2,152503,1000,1.9073486328e-06,-1
2,214826,1000,3.0994415283e-06,-1
2,322486,1000,1.9073486328e-06,-1
2,3128036,1000,1.9073486328e-06,-1
2,6337399,1000,9.5367431641e-07,-1
2,10393545,1000,1.9073486328e-06,-1
2,14700764,1000,3.0994415283e-06,-1
2,187645041,1000,2.1457672119e-06,-1
2,450057883,1000,2.8610229492e-06,-1
2,1295390003,1000,1.9073486328e-06,-1
2,1360839354,1000,2.1457672119e-06,-1
2,1493283650,1000,1.9073486328e-06,-1
2,1843349527,1000,1.9073486328e-06,-1
2,1980098116,1000,2.1457672119e-06,-1
2,2109248666,1000,2.8610229492e-06,-1
2,2147445644,1000,1.9073486328e-06,-1
2,2147470852,1000,2.1457672119e-06,-1
 , ,promedio,=sum(D443:D462)/count(D443:D462), 
2,0,5000,3.0994415283e-06,1
2,5000,5000,2.1457672119e-06,-1
2,61396,5000,1.9073486328e-06,-1
2,152503,5000,2.8610229492e-06,-1
2,214826,5000,1.9073486328e-06,-1
2,322486,5000,1.9073486328e-06,1
2,3128036,5000,2.1457672119e-06,-1
2,6337399,5000,2.1457672119e-06,-1
2,10393545,5000,1.9073486328e-06,-1
2,14700764,5000,3.8146972656e-06,-1
2,187645041,5000,2.1457672119e-06,-1
2,450057883,5000,2.1457672119e-06,-1
2,1295390003,5000,1.9073486328e-06,-1
2,1360839354,5000,2.8610229492e-06,-1
2,1493283650,5000,2.1457672119e-06,-1
2,1843349527,5000,3.0994415283e-06,-1
2,1980098116,5000,1.9073486328e-06,-1
2,2109248666,5000,2.1457672119e-06,-1
2,2147445644,5000,2.1457672119e-06,-1
2,2147470852,5000,2.8610229492e-06,-1
 , ,promedio,=sum(D464:D483)/count(D464:D483), 
2,0,10000,3.0994415283e-06,1
2,5000,10000,2.1457672119e-06,-1
2,61396,10000,2.1457672119e-06,-1
2,152503,10000,2.1457672119e-06,-1
2,214826,10000,3.0994415283e-06,-1
2,322486,10000,1.9073486328e-06,1
2,3128036,10000,1.9073486328e-06,-1
2,6337399,10000,2.1457672119e-06,-1
2,10393545,10000,1.9073486328e-06,-1
2,14700764,10000,2.8610229492e-06,-1
2,187645041,10000,3.0994415283e-06,-1
2,450057883,10000,1.9073486328e-06,-1
2,1295390003,10000,1.9073486328e-06,-1
2,1360839354,10000,2.8610229492e-06,-1
2,1493283650,10000,3.0994415283e-06,-1
2,1843349527,10000,3.0994415283e-06,-1
2,1980098116,10000,2.1457672119e-06,-1
2,2109248666,10000,2.8610229492e-06,-1
2,2147445644,10000,2.1457672119e-06,-1
2,2147470852,10000,3.0994415283e-06,-1
 , ,promedio,=sum(D485:D504)/count(D485:D504), 
2,0,50000,3.0994415283e-06,1
2,5000,50000,1.9073486328e-06,-1
2,61396,50000,2.8610229492e-06,-1
2,152503,50000,2.8610229492e-06,-1
2,214826,50000,3.0994415283e-06,-1
2,322486,50000,2.8610229492e-06,1
2,3128036,50000,2.1457672119e-06,1
2,6337399,50000,2.1457672119e-06,1
2,10393545,50000,3.0994415283e-06,1
2,14700764,50000,1.9073486328e-06,-1
2,187645041,50000,1.9073486328e-06,-1
2,450057883,50000,1.9073486328e-06,-1
2,1295390003,50000,3.0994415283e-06,-1
2,1360839354,50000,3.0994415283e-06,-1
2,1493283650,50000,1.9073486328e-06,-1
2,1843349527,50000,3.0994415283e-06,-1
2,1980098116,50000,3.0994415283e-06,-1
2,2109248666,50000,1.9073486328e-06,-1
2,2147445644,50000,1.9073486328e-06,-1
2,2147470852,50000,2.1457672119e-06,-1
 , ,promedio,=sum(D506:D525)/count(D506:D525), 
2,0,100000,2.8610229492e-06,1
2,5000,100000,2.8610229492e-06,-1
2,61396,100000,4.0531158447e-06,-1
2,152503,100000,3.0994415283e-06,-1
2,214826,100000,3.0994415283e-06,-1
2,322486,100000,3.0994415283e-06,1
2,3128036,100000,3.0994415283e-06,1
2,6337399,100000,1.9073486328e-06,1
2,10393545,100000,3.0994415283e-06,1
2,14700764,100000,1.9073486328e-06,-1
2,187645041,100000,1.9073486328e-06,-1
2,450057883,100000,2.1457672119e-06,-1
2,1295390003,100000,2.1457672119e-06,-1
2,1360839354,100000,3.0994415283e-06,-1
2,1493283650,100000,2.8610229492e-06,-1
2,1843349527,100000,1.9073486328e-06,-1
2,1980098116,100000,2.1457672119e-06,-1
2,2109248666,100000,1.9073486328e-06,-1
2,2147445644,100000,2.1457672119e-06,-1
2,2147470852,100000,3.0994415283e-06,-1
 , ,promedio,=sum(D527:D546)/count(D527:D546), 
2,0,200000,3.0994415283e-06,1
2,5000,200000,3.0994415283e-06,-1
2,61396,200000,2.8610229492e-06,-1
2,152503,200000,3.0994415283e-06,-1
2,214826,200000,2.8610229492e-06,-1
2,322486,200000,2.8610229492e-06,1
2,3128036,200000,3.0994415283e-06,1
2,6337399,200000,3.8146972656e-06,1
2,10393545,200000,4.0531158447e-06,1
2,14700764,200000,3.8146972656e-06,-1
2,187645041,200000,1.9073486328e-06,-1
2,450057883,200000,1.9073486328e-06,-1
2,1295390003,200000,2.1457672119e-06,-1
2,1360839354,200000,2.1457672119e-06,-1
2,1493283650,200000,1.9073486328e-06,-1
2,1843349527,200000,3.0994415283e-06,-1
2,1980098116,200000,2.8610229492e-06,-1
2,2109248666,200000,2.8610229492e-06,-1
2,2147445644,200000,2.1457672119e-06,-1
2,2147470852,200000,2.1457672119e-06,-1
 , ,promedio,=sum(D548:D567)/count(D548:D567), 
2,0,400000,2.8610229492e-06,1
2,5000,400000,4.0531158447e-06,-1
2,61396,400000,4.0531158447e-06,-1
2,152503,400000,3.0994415283e-06,-1
2,214826,400000,3.0994415283e-06,-1
2,322486,400000,3.0994415283e-06,1
2,3128036,400000,4.0531158447e-06,1
2,6337399,400000,4.0531158447e-06,1
2,10393545,400000,4.0531158447e-06,1
2,14700764,400000,4.0531158447e-06,-1
2,187645041,400000,2.8610229492e-06,-1
2,450057883,400000,1.9073486328e-06,-1
2,1295390003,400000,1.9073486328e-06,-1
2,1360839354,400000,2.1457672119e-06,-1
2,1493283650,400000,3.0994415283e-06,-1
2,1843349527,400000,2.1457672119e-06,-1
2,1980098116,400000,2.8610229492e-06,-1
2,2109248666,400000,2.8610229492e-06,-1
2,2147445644,400000,1.9073486328e-06,-1
2,2147470852,400000,2.1457672119e-06,-1
 , ,promedio,=sum(D569:D588)/count(D569:D588), 
2,0,600000,3.0994415283e-06,1
2,5000,600000,2.8610229492e-06,-1
2,61396,600000,4.0531158447e-06,-1
2,152503,600000,4.0531158447e-06,-1
2,214826,600000,3.0994415283e-06,-1
2,322486,600000,3.0994415283e-06,1
2,3128036,600000,3.8146972656e-06,1
2,6337399,600000,5.0067901611e-06,1
2,10393545,600000,5.0067901611e-06,1
2,14700764,600000,3.8146972656e-06,-1
2,187645041,600000,3.0994415283e-06,-1
2,450057883,600000,1.9073486328e-06,-1
2,1295390003,600000,2.8610229492e-06,-1
2,1360839354,600000,1.9073486328e-06,-1
2,1493283650,600000,3.0994415283e-06,-1
2,1843349527,600000,2.8610229492e-06,-1
2,1980098116,600000,3.0994415283e-06,-1
2,2109248666,600000,3.0994415283e-06,-1
2,2147445644,600000,3.0994415283e-06,-1
2,2147470852,600000,3.0994415283e-06,-1
 , ,promedio,=sum(D590:D609)/count(D590:D609), 
2,0,800000,3.0994415283e-06,1
2,5000,800000,4.0531158447e-06,-1
2,61396,800000,4.0531158447e-06,-1
2,152503,800000,4.0531158447e-06,-1
2,214826,800000,4.0531158447e-06,-1
2,322486,800000,3.8146972656e-06,1
2,3128036,800000,3.0994415283e-06,1
2,6337399,800000,3.8146972656e-06,1
2,10393545,800000,4.0531158447e-06,1
2,14700764,800000,4.0531158447e-06,-1
2,187645041,800000,2.8610229492e-06,-1
2,450057883,800000,2.8610229492e-06,-1
2,1295390003,800000,3.0994415283e-06,-1
2,1360839354,800000,3.0994415283e-06,-1
2,1493283650,800000,3.0994415283e-06,-1
2,1843349527,800000,2.1457672119e-06,-1
2,1980098116,800000,2.8610229492e-06,-1
2,2109248666,800000,3.0994415283e-06,-1
2,2147445644,800000,1.9073486328e-06,-1
2,2147470852,800000,3.0994415283e-06,-1
 , ,promedio,=sum(D611:D630)/count(D611:D630), 
2,0,1000000,4.0531158447e-06,1
2,5000,1000000,3.8146972656e-06,-1
2,61396,1000000,4.0531158447e-06,-1
2,152503,1000000,4.0531158447e-06,-1
2,214826,1000000,4.0531158447e-06,-1
2,322486,1000000,4.0531158447e-06,1
2,3128036,1000000,3.0994415283e-06,1
2,6337399,1000000,3.8146972656e-06,1
2,10393545,1000000,5.0067901611e-06,1
2,14700764,1000000,3.8146972656e-06,-1
2,187645041,1000000,2.8610229492e-06,-1
2,450057883,1000000,3.0994415283e-06,-1
2,1295390003,1000000,1.9073486328e-06,-1
2,1360839354,1000000,3.0994415283e-06,-1
2,1493283650,1000000,2.1457672119e-06,-1
2,1843349527,1000000,3.0994415283e-06,-1
2,1980098116,1000000,2.8610229492e-06,-1
2,2109248666,1000000,2.1457672119e-06,-1
2,2147445644,1000000,1.9073486328e-06,-1
2,2147470852,1000000,2.8610229492e-06,-1
 , ,promedio,=sum(D632:D651)/count(D632:D651), 
2,0,2000000,3.0994415283e-06,1
2,5000,2000000,4.0531158447e-06,-1
2,61396,2000000,4.0531158447e-06,-1
2,152503,2000000,4.0531158447e-06,-1
2,214826,2000000,4.0531158447e-06,-1
2,322486,2000000,4.0531158447e-06,1
2,3128036,2000000,5.0067901611e-06,1
2,6337399,2000000,3.8146972656e-06,1
2,10393545,2000000,3.8146972656e-06,1
2,14700764,2000000,3.8146972656e-06,-1
2,187645041,2000000,5.0067901611e-06,-1
2,450057883,2000000,1.9073486328e-06,-1
2,1295390003,2000000,3.0994415283e-06,-1
2,1360839354,2000000,2.8610229492e-06,-1
2,1493283650,2000000,2.8610229492e-06,-1
2,1843349527,2000000,3.0994415283e-06,-1
2,1980098116,2000000,1.9073486328e-06,-1
2,2109248666,2000000,2.8610229492e-06,-1
2,2147445644,2000000,1.9073486328e-06,-1
2,2147470852,2000000,2.8610229492e-06,-1
 , ,promedio,=sum(D653:D672)/count(D653:D672), 
2,0,3000000,3.0994415283e-06,1
2,5000,3000000,3.8146972656e-06,-1
2,61396,3000000,3.8146972656e-06,-1
2,152503,3000000,3.8146972656e-06,-1
2,214826,3000000,4.0531158447e-06,-1
2,322486,3000000,4.0531158447e-06,1
2,3128036,3000000,3.8146972656e-06,1
2,6337399,3000000,4.0531158447e-06,1
2,10393545,3000000,3.8146972656e-06,1
2,14700764,3000000,5.0067901611e-06,-1
2,187645041,3000000,5.0067901611e-06,-1
2,450057883,3000000,5.0067901611e-06,-1
2,1295390003,3000000,3.0994415283e-06,-1
2,1360839354,3000000,2.8610229492e-06,-1
2,1493283650,3000000,3.0994415283e-06,-1
2,1843349527,3000000,3.0994415283e-06,-1
2,1980098116,3000000,2.8610229492e-06,-1
2,2109248666,3000000,3.0994415283e-06,-1
2,2147445644,3000000,3.0994415283e-06,-1
2,2147470852,3000000,2.8610229492e-06,-1
 , ,promedio,=sum(D674:D693)/count(D674:D693), 
2,0,4000000,4.0531158447e-06,1
2,5000,4000000,4.0531158447e-06,-1
2,61396,4000000,2.8610229492e-06,-1
2,152503,4000000,4.0531158447e-06,-1
2,214826,4000000,4.0531158447e-06,-1
2,322486,4000000,4.0531158447e-06,1
2,3128036,4000000,4.0531158447e-06,1
2,6337399,4000000,4.0531158447e-06,1
2,10393545,4000000,3.8146972656e-06,1
2,14700764,4000000,4.0531158447e-06,-1
2,187645041,4000000,5.0067901611e-06,-1
2,450057883,4000000,5.0067901611e-06,-1
2,1295390003,4000000,1.9073486328e-06,-1
2,1360839354,4000000,2.8610229492e-06,-1
2,1493283650,4000000,2.8610229492e-06,-1
2,1843349527,4000000,3.0994415283e-06,-1
2,1980098116,4000000,3.0994415283e-06,-1
2,2109248666,4000000,2.8610229492e-06,-1
2,2147445644,4000000,3.0994415283e-06,-1
2,2147470852,4000000,2.8610229492e-06,-1
 , ,promedio,=sum(D695:D714)/count(D695:D714), 
2,0,5000000,4.0531158447e-06,1
2,5000,5000000,4.0531158447e-06,-1
2,61396,5000000,3.8146972656e-06,-1
2,152503,5000000,4.0531158447e-06,-1
2,214826,5000000,4.0531158447e-06,-1
2,322486,5000000,4.0531158447e-06,1
2,3128036,5000000,3.8146972656e-06,1
2,6337399,5000000,5.0067901611e-06,1
2,10393545,5000000,3.8146972656e-06,1
2,14700764,5000000,4.0531158447e-06,-1
2,187645041,5000000,4.0531158447e-06,-1
2,450057883,5000000,5.0067901611e-06,-1
2,1295390003,5000000,2.1457672119e-06,-1
2,1360839354,5000000,2.8610229492e-06,-1
2,1493283650,5000000,2.8610229492e-06,-1
2,1843349527,5000000,2.8610229492e-06,-1
2,1980098116,5000000,2.8610229492e-06,-1
2,2109248666,5000000,4.0531158447e-06,-1
2,2147445644,5000000,3.0994415283e-06,-1
2,2147470852,5000000,2.8610229492e-06,-1
 , ,promedio,=sum(D716:D735)/count(D716:D735), 
2,0,6000000,4.0531158447e-06,1
2,5000,6000000,5.0067901611e-06,-1
2,61396,6000000,5.0067901611e-06,-1
2,152503,6000000,3.0994415283e-06,-1
2,214826,6000000,4.0531158447e-06,-1
2,322486,6000000,4.0531158447e-06,1
2,3128036,6000000,4.0531158447e-06,1
2,6337399,6000000,5.0067901611e-06,1
2,10393545,6000000,4.0531158447e-06,1
2,14700764,6000000,4.0531158447e-06,-1
2,187645041,6000000,4.0531158447e-06,-1
2,450057883,6000000,5.0067901611e-06,-1
2,1295390003,6000000,4.0531158447e-06,-1
2,1360839354,6000000,3.0994415283e-06,-1
2,1493283650,6000000,3.0994415283e-06,-1
2,1843349527,6000000,2.8610229492e-06,-1
2,1980098116,6000000,2.1457672119e-06,-1
2,2109248666,6000000,3.0994415283e-06,-1
2,2147445644,6000000,3.0994415283e-06,-1
2,2147470852,6000000,3.0994415283e-06,-1
 , ,promedio,=sum(D737:D756)/count(D737:D756), 
2,0,7000000,4.0531158447e-06,1
2,5000,7000000,5.0067901611e-06,-1
2,61396,7000000,5.0067901611e-06,-1
2,152503,7000000,4.0531158447e-06,-1
2,214826,7000000,4.0531158447e-06,-1
2,322486,7000000,4.0531158447e-06,1
2,3128036,7000000,4.0531158447e-06,1
2,6337399,7000000,4.0531158447e-06,1
2,10393545,7000000,5.0067901611e-06,1
2,14700764,7000000,6.1988830566e-06,-1
2,187645041,7000000,4.0531158447e-06,-1
2,450057883,7000000,5.0067901611e-06,-1
2,1295390003,7000000,5.0067901611e-06,1
2,1360839354,7000000,5.0067901611e-06,-1
2,1493283650,7000000,2.8610229492e-06,1
2,1843349527,7000000,2.8610229492e-06,-1
2,1980098116,7000000,4.0531158447e-06,-1
2,2109248666,7000000,2.8610229492e-06,-1
2,2147445644,7000000,2.8610229492e-06,-1
2,2147470852,7000000,3.0994415283e-06,-1
 , ,promedio,=sum(D758:D777)/count(D758:D777), 
2,0,8000000,4.0531158447e-06,1
2,5000,8000000,5.0067901611e-06,-1
2,61396,8000000,4.0531158447e-06,-1
2,152503,8000000,4.0531158447e-06,-1
2,214826,8000000,4.0531158447e-06,-1
2,322486,8000000,4.0531158447e-06,1
2,3128036,8000000,4.0531158447e-06,1
2,6337399,8000000,5.0067901611e-06,1
2,10393545,8000000,4.0531158447e-06,1
2,14700764,8000000,4.0531158447e-06,-1
2,187645041,8000000,5.0067901611e-06,-1
2,450057883,8000000,5.0067901611e-06,-1
2,1295390003,8000000,5.0067901611e-06,1
2,1360839354,8000000,5.0067901611e-06,-1
2,1493283650,8000000,4.0531158447e-06,1
2,1843349527,8000000,3.0994415283e-06,-1
2,1980098116,8000000,4.0531158447e-06,-1
2,2109248666,8000000,3.0994415283e-06,-1
2,2147445644,8000000,2.8610229492e-06,-1
2,2147470852,8000000,3.0994415283e-06,-1
 , ,promedio,=sum(D779:D798)/count(D779:D798), 
2,0,9000000,4.0531158447e-06,1
2,5000,9000000,4.0531158447e-06,-1
2,61396,9000000,4.0531158447e-06,-1
2,152503,9000000,3.8146972656e-06,-1
2,214826,9000000,5.0067901611e-06,-1
2,322486,9000000,5.0067901611e-06,1
2,3128036,9000000,4.0531158447e-06,1
2,6337399,9000000,4.0531158447e-06,1
2,10393545,9000000,4.0531158447e-06,1
2,14700764,9000000,5.0067901611e-06,-1
2,187645041,9000000,4.0531158447e-06,-1
2,450057883,9000000,5.0067901611e-06,-1
2,1295390003,9000000,4.0531158447e-06,1
2,1360839354,9000000,5.0067901611e-06,-1
2,1493283650,9000000,5.0067901611e-06,1
2,1843349527,9000000,5.0067901611e-06,1
2,1980098116,9000000,3.8146972656e-06,-1
2,2109248666,9000000,2.8610229492e-06,-1
2,2147445644,9000000,3.0994415283e-06,-1
2,2147470852,9000000,3.0994415283e-06,-1
 , ,promedio,=sum(D800:D819)/count(D800:D819), 
2,0,10000000,5.0067901611e-06,1
2,5000,10000000,5.0067901611e-06,-1
2,61396,10000000,5.0067901611e-06,-1
2,152503,10000000,5.0067901611e-06,-1
2,214826,10000000,4.0531158447e-06,-1
2,322486,10000000,5.0067901611e-06,1
2,3128036,10000000,3.8146972656e-06,1
2,6337399,10000000,4.0531158447e-06,1
2,10393545,10000000,5.0067901611e-06,1
2,14700764,10000000,5.0067901611e-06,-1
2,187645041,10000000,4.0531158447e-06,-1
2,450057883,10000000,5.0067901611e-06,-1
2,1295390003,10000000,5.9604644775e-06,1
2,1360839354,10000000,5.0067901611e-06,-1
2,1493283650,10000000,4.0531158447e-06,1
2,1843349527,10000000,5.0067901611e-06,1
2,1980098116,10000000,4.0531158447e-06,-1
2,2109248666,10000000,4.0531158447e-06,1
2,2147445644,10000000,3.0994415283e-06,-1
2,2147470852,10000000,3.0994415283e-06,1
 , ,promedio,=sum(D821:D840)/count(D821:D840), 
3,0,100,1.9073486328e-06,-1
3,5000,100,2.1457672119e-06,-1
3,61396,100,1.9073486328e-06,-1
3,152503,100,1.9073486328e-06,-1
3,214826,100,1.9073486328e-06,-1
3,322486,100,2.1457672119e-06,-1
3,3128036,100,2.1457672119e-06,-1
3,6337399,100,2.1457672119e-06,-1
3,10393545,100,2.1457672119e-06,-1
3,14700764,100,2.1457672119e-06,-1
3,187645041,100,1.9073486328e-06,-1
3,450057883,100,1.9073486328e-06,-1
3,1295390003,100,3.0994415283e-06,-1
3,1360839354,100,1.9073486328e-06,-1
3,1493283650,100,1.9073486328e-06,-1
3,1843349527,100,2.8610229492e-06,-1
3,1980098116,100,2.1457672119e-06,-1
3,2109248666,100,3.0994415283e-06,-1
3,2147445644,100,9.5367431641e-07,-1
3,2147470852,100,1.9073486328e-06,-1
 , ,promedio,=sum(D842:D861)/count(D842:D861), 
3,0,1000,2.1457672119e-06,-1
3,5000,1000,2.1457672119e-06,-1
3,61396,1000,2.1457672119e-06,-1
3,152503,1000,1.9073486328e-06,-1
3,214826,1000,9.5367431641e-07,-1
3,322486,1000,1.9073486328e-06,-1
3,3128036,1000,1.9073486328e-06,-1
3,6337399,1000,1.9073486328e-06,-1
3,10393545,1000,2.1457672119e-06,-1
3,14700764,1000,2.1457672119e-06,-1
3,187645041,1000,2.1457672119e-06,-1
3,450057883,1000,2.1457672119e-06,-1
3,1295390003,1000,1.9073486328e-06,-1
3,1360839354,1000,2.8610229492e-06,-1
3,1493283650,1000,1.9073486328e-06,-1
3,1843349527,1000,1.9073486328e-06,-1
3,1980098116,1000,2.1457672119e-06,-1
3,2109248666,1000,9.5367431641e-07,-1
3,2147445644,1000,9.5367431641e-07,-1
3,2147470852,1000,2.1457672119e-06,-1
 , ,promedio,=sum(D863:D882)/count(D863:D882), 
3,0,5000,1.9073486328e-06,-1
3,5000,5000,3.0994415283e-06,-1
3,61396,5000,1.9073486328e-06,-1
3,152503,5000,1.1920928955e-06,-1
3,214826,5000,2.1457672119e-06,-1
3,322486,5000,3.0994415283e-06,-1
3,3128036,5000,3.0994415283e-06,-1
3,6337399,5000,2.1457672119e-06,-1
3,10393545,5000,1.9073486328e-06,-1
3,14700764,5000,1.9073486328e-06,-1
3,187645041,5000,2.8610229492e-06,-1
3,450057883,5000,1.9073486328e-06,-1
3,1295390003,5000,1.9073486328e-06,-1
3,1360839354,5000,3.0994415283e-06,-1
3,1493283650,5000,2.1457672119e-06,-1
3,1843349527,5000,2.1457672119e-06,-1
3,1980098116,5000,1.9073486328e-06,-1
3,2109248666,5000,1.9073486328e-06,-1
3,2147445644,5000,1.9073486328e-06,-1
3,2147470852,5000,2.1457672119e-06,-1
 , ,promedio,=sum(D884:D903)/count(D884:D903), 
3,0,10000,1.9073486328e-06,-1
3,5000,10000,9.5367431641e-07,-1
3,61396,10000,2.8610229492e-06,-1
3,152503,10000,2.1457672119e-06,-1
3,214826,10000,1.9073486328e-06,-1
3,322486,10000,1.9073486328e-06,-1
3,3128036,10000,2.1457672119e-06,-1
3,6337399,10000,1.9073486328e-06,-1
3,10393545,10000,2.1457672119e-06,-1
3,14700764,10000,2.1457672119e-06,-1
3,187645041,10000,1.9073486328e-06,-1
3,450057883,10000,1.9073486328e-06,-1
3,1295390003,10000,2.1457672119e-06,-1
3,1360839354,10000,2.1457672119e-06,-1
3,1493283650,10000,1.9073486328e-06,-1
3,1843349527,10000,1.9073486328e-06,-1
3,1980098116,10000,2.1457672119e-06,-1
3,2109248666,10000,1.9073486328e-06,-1
3,2147445644,10000,2.1457672119e-06,-1
3,2147470852,10000,2.1457672119e-06,-1
 , ,promedio,=sum(D905:D924)/count(D905:D924), 
3,0,50000,1.9073486328e-06,-1
3,5000,50000,3.0994415283e-06,-1
3,61396,50000,2.8610229492e-06,-1
3,152503,50000,2.1457672119e-06,-1
3,214826,50000,2.8610229492e-06,-1
3,322486,50000,1.9073486328e-06,-1
3,3128036,50000,1.9073486328e-06,-1
3,6337399,50000,2.8610229492e-06,-1
3,10393545,50000,2.1457672119e-06,-1
3,14700764,50000,3.0994415283e-06,-1
3,187645041,50000,1.9073486328e-06,-1
3,450057883,50000,4.0531158447e-06,-1
3,1295390003,50000,3.0994415283e-06,-1
3,1360839354,50000,1.9073486328e-06,-1
3,1493283650,50000,1.9073486328e-06,-1
3,1843349527,50000,1.9073486328e-06,-1
3,1980098116,50000,2.1457672119e-06,-1
3,2109248666,50000,2.8610229492e-06,-1
3,2147445644,50000,3.0994415283e-06,-1
3,2147470852,50000,3.0994415283e-06,-1
 , ,promedio,=sum(D926:D945)/count(D926:D945), 
3,0,100000,1.9073486328e-06,-1
3,5000,100000,2.8610229492e-06,-1
3,61396,100000,3.0994415283e-06,-1
3,152503,100000,3.0994415283e-06,-1
3,214826,100000,4.0531158447e-06,-1
3,322486,100000,3.0994415283e-06,-1
3,3128036,100000,2.8610229492e-06,-1
3,6337399,100000,3.0994415283e-06,-1
3,10393545,100000,3.0994415283e-06,-1
3,14700764,100000,1.9073486328e-06,-1
3,187645041,100000,3.0994415283e-06,-1
3,450057883,100000,3.0994415283e-06,-1
3,1295390003,100000,3.0994415283e-06,-1
3,1360839354,100000,3.0994415283e-06,-1
3,1493283650,100000,3.0994415283e-06,-1
3,1843349527,100000,2.8610229492e-06,-1
3,1980098116,100000,3.0994415283e-06,-1
3,2109248666,100000,4.0531158447e-06,-1
3,2147445644,100000,1.9073486328e-06,-1
3,2147470852,100000,3.0994415283e-06,-1
 , ,promedio,=sum(D947:D966)/count(D947:D966), 
3,0,200000,3.0994415283e-06,-1
3,5000,200000,3.0994415283e-06,-1
3,61396,200000,4.0531158447e-06,-1
3,152503,200000,3.0994415283e-06,-1
3,214826,200000,4.0531158447e-06,-1
3,322486,200000,4.0531158447e-06,-1
3,3128036,200000,2.8610229492e-06,-1
3,6337399,200000,2.8610229492e-06,-1
3,10393545,200000,3.0994415283e-06,-1
3,14700764,200000,3.0994415283e-06,-1
3,187645041,200000,2.8610229492e-06,-1
3,450057883,200000,5.0067901611e-06,-1
3,1295390003,200000,2.8610229492e-06,-1
3,1360839354,200000,2.8610229492e-06,-1
3,1493283650,200000,2.8610229492e-06,-1
3,1843349527,200000,3.0994415283e-06,-1
3,1980098116,200000,3.0994415283e-06,-1
3,2109248666,200000,3.0994415283e-06,-1
3,2147445644,200000,3.0994415283e-06,-1
3,2147470852,200000,3.0994415283e-06,-1
 , ,promedio,=sum(D968:D987)/count(D968:D987), 
3,0,400000,2.8610229492e-06,-1
3,5000,400000,3.0994415283e-06,-1
3,61396,400000,4.0531158447e-06,-1
3,152503,400000,2.8610229492e-06,-1
3,214826,400000,2.8610229492e-06,-1
3,322486,400000,5.0067901611e-06,-1
3,3128036,400000,2.8610229492e-06,-1
3,6337399,400000,3.0994415283e-06,-1
3,10393545,400000,3.8146972656e-06,-1
3,14700764,400000,2.8610229492e-06,-1
3,187645041,400000,3.0994415283e-06,-1
3,450057883,400000,3.0994415283e-06,-1
3,1295390003,400000,4.0531158447e-06,-1
3,1360839354,400000,4.0531158447e-06,-1
3,1493283650,400000,3.0994415283e-06,-1
3,1843349527,400000,3.0994415283e-06,-1
3,1980098116,400000,1.9073486328e-06,-1
3,2109248666,400000,3.0994415283e-06,-1
3,2147445644,400000,1.9073486328e-06,-1
3,2147470852,400000,2.1457672119e-06,-1
 , ,promedio,=sum(D989:D1008)/count(D989:D1008), 
3,0,600000,3.0994415283e-06,-1
3,5000,600000,2.8610229492e-06,-1
3,61396,600000,5.0067901611e-06,-1
3,152503,600000,3.0994415283e-06,-1
3,214826,600000,5.0067901611e-06,-1
3,322486,600000,5.0067901611e-06,-1
3,3128036,600000,4.0531158447e-06,-1
3,6337399,600000,3.0994415283e-06,-1
3,10393545,600000,3.0994415283e-06,-1
3,14700764,600000,2.8610229492e-06,-1
3,187645041,600000,2.8610229492e-06,-1
3,450057883,600000,4.0531158447e-06,-1
3,1295390003,600000,4.0531158447e-06,-1
3,1360839354,600000,4.0531158447e-06,-1
3,1493283650,600000,4.0531158447e-06,1
3,1843349527,600000,4.0531158447e-06,-1
3,1980098116,600000,3.0994415283e-06,-1
3,2109248666,600000,4.0531158447e-06,-1
3,2147445644,600000,3.0994415283e-06,-1
3,2147470852,600000,1.9073486328e-06,-1
 , ,promedio,=sum(D1010:D1029)/count(D1010:D1029), 
3,0,800000,2.8610229492e-06,-1
3,5000,800000,3.0994415283e-06,-1
3,61396,800000,4.0531158447e-06,-1
3,152503,800000,3.0994415283e-06,-1
3,214826,800000,3.8146972656e-06,-1
3,322486,800000,4.0531158447e-06,-1
3,3128036,800000,4.0531158447e-06,-1
3,6337399,800000,4.0531158447e-06,-1
3,10393545,800000,4.0531158447e-06,-1
3,14700764,800000,3.0994415283e-06,-1
3,187645041,800000,4.0531158447e-06,-1
3,450057883,800000,4.0531158447e-06,-1
3,1295390003,800000,4.0531158447e-06,-1
3,1360839354,800000,4.0531158447e-06,-1
3,1493283650,800000,4.0531158447e-06,1
3,1843349527,800000,4.0531158447e-06,-1
3,1980098116,800000,2.8610229492e-06,-1
3,2109248666,800000,3.8146972656e-06,-1
3,2147445644,800000,2.8610229492e-06,-1
3,2147470852,800000,2.8610229492e-06,-1
 , ,promedio,=sum(D1031:D1050)/count(D1031:D1050), 
3,0,1000000,3.0994415283e-06,-1
3,5000,1000000,3.8146972656e-06,-1
3,61396,1000000,3.0994415283e-06,-1
3,152503,1000000,2.8610229492e-06,-1
3,214826,1000000,4.0531158447e-06,-1
3,322486,1000000,5.0067901611e-06,-1
3,3128036,1000000,5.0067901611e-06,-1
3,6337399,1000000,5.0067901611e-06,-1
3,10393545,1000000,4.0531158447e-06,-1
3,14700764,1000000,2.8610229492e-06,-1
3,187645041,1000000,3.8146972656e-06,-1
3,450057883,1000000,3.8146972656e-06,-1
3,1295390003,1000000,6.1988830566e-06,-1
3,1360839354,1000000,5.0067901611e-06,-1
3,1493283650,1000000,4.0531158447e-06,1
3,1843349527,1000000,3.8146972656e-06,-1
3,1980098116,1000000,3.0994415283e-06,-1
3,2109248666,1000000,4.0531158447e-06,-1
3,2147445644,1000000,2.1457672119e-06,-1
3,2147470852,1000000,2.1457672119e-06,-1
 , ,promedio,=sum(D1052:D1071)/count(D1052:D1071), 
3,0,2000000,2.8610229492e-06,-1
3,5000,2000000,4.0531158447e-06,-1
3,61396,2000000,4.0531158447e-06,-1
3,152503,2000000,3.0994415283e-06,-1
3,214826,2000000,5.0067901611e-06,-1
3,322486,2000000,5.9604644775e-06,-1
3,3128036,2000000,3.8146972656e-06,1
3,6337399,2000000,4.0531158447e-06,-1
3,10393545,2000000,5.0067901611e-06,-1
3,14700764,2000000,3.0994415283e-06,-1
3,187645041,2000000,4.0531158447e-06,-1
3,450057883,2000000,5.0067901611e-06,-1
3,1295390003,2000000,3.8146972656e-06,-1
3,1360839354,2000000,4.0531158447e-06,-1
3,1493283650,2000000,3.8146972656e-06,1
3,1843349527,2000000,4.0531158447e-06,-1
3,1980098116,2000000,3.0994415283e-06,-1
3,2109248666,2000000,5.0067901611e-06,-1
3,2147445644,2000000,3.0994415283e-06,-1
3,2147470852,2000000,2.8610229492e-06,-1
 , ,promedio,=sum(D1073:D1092)/count(D1073:D1092), 
3,0,3000000,4.0531158447e-06,-1
3,5000,3000000,3.8146972656e-06,-1
3,61396,3000000,5.0067901611e-06,-1
3,152503,3000000,3.0994415283e-06,-1
3,214826,3000000,4.0531158447e-06,-1
3,322486,3000000,5.9604644775e-06,-1
3,3128036,3000000,4.0531158447e-06,1
3,6337399,3000000,5.0067901611e-06,-1
3,10393545,3000000,2.8610229492e-06,-1
3,14700764,3000000,4.0531158447e-06,-1
3,187645041,3000000,3.8146972656e-06,-1
3,450057883,3000000,5.0067901611e-06,-1
3,1295390003,3000000,3.8146972656e-06,-1
3,1360839354,3000000,5.9604644775e-06,-1
3,1493283650,3000000,4.0531158447e-06,1
3,1843349527,3000000,4.0531158447e-06,1
3,1980098116,3000000,3.0994415283e-06,-1
3,2109248666,3000000,5.0067901611e-06,-1
3,2147445644,3000000,2.8610229492e-06,-1
3,2147470852,3000000,4.0531158447e-06,-1
 , ,promedio,=sum(D1094:D1113)/count(D1094:D1113), 
3,0,4000000,4.0531158447e-06,-1
3,5000,4000000,4.0531158447e-06,-1
3,61396,4000000,5.0067901611e-06,-1
3,152503,4000000,4.0531158447e-06,-1
3,214826,4000000,5.9604644775e-06,-1
3,322486,4000000,5.9604644775e-06,-1
3,3128036,4000000,5.0067901611e-06,1
3,6337399,4000000,5.0067901611e-06,-1
3,10393545,4000000,4.0531158447e-06,-1
3,14700764,4000000,4.0531158447e-06,-1
3,187645041,4000000,3.8146972656e-06,-1
3,450057883,4000000,4.0531158447e-06,-1
3,1295390003,4000000,5.0067901611e-06,-1
3,1360839354,4000000,5.0067901611e-06,-1
3,1493283650,4000000,3.0994415283e-06,1
3,1843349527,4000000,3.8146972656e-06,1
3,1980098116,4000000,2.8610229492e-06,-1
3,2109248666,4000000,4.0531158447e-06,-1
3,2147445644,4000000,2.8610229492e-06,-1
3,2147470852,4000000,3.0994415283e-06,-1
 , ,promedio,=sum(D1115:D1134)/count(D1115:D1134), 
3,0,5000000,5.0067901611e-06,-1
3,5000,5000000,5.0067901611e-06,-1
3,61396,5000000,5.0067901611e-06,-1
3,152503,5000000,5.0067901611e-06,-1
3,214826,5000000,5.9604644775e-06,-1
3,322486,5000000,7.1525573730e-06,-1
3,3128036,5000000,5.0067901611e-06,1
3,6337399,5000000,4.0531158447e-06,-1
3,10393545,5000000,4.0531158447e-06,-1
3,14700764,5000000,3.8146972656e-06,-1
3,187645041,5000000,4.0531158447e-06,-1
3,450057883,5000000,5.0067901611e-06,-1
3,1295390003,5000000,4.0531158447e-06,-1
3,1360839354,5000000,5.0067901611e-06,-1
3,1493283650,5000000,3.8146972656e-06,1
3,1843349527,5000000,5.0067901611e-06,1
3,1980098116,5000000,2.8610229492e-06,-1
3,2109248666,5000000,5.0067901611e-06,-1
3,2147445644,5000000,3.0994415283e-06,-1
3,2147470852,5000000,4.0531158447e-06,-1
 , ,promedio,=sum(D1136:D1155)/count(D1136:D1155), 
3,0,6000000,4.0531158447e-06,-1
3,5000,6000000,5.0067901611e-06,-1
3,61396,6000000,5.0067901611e-06,-1
3,152503,6000000,4.0531158447e-06,-1
3,214826,6000000,6.9141387939e-06,-1
3,322486,6000000,6.9141387939e-06,-1
3,3128036,6000000,5.0067901611e-06,1
3,6337399,6000000,3.8146972656e-06,-1
3,10393545,6000000,4.0531158447e-06,-1
3,14700764,6000000,3.8146972656e-06,-1
3,187645041,6000000,5.0067901611e-06,-1
3,450057883,6000000,5.9604644775e-06,-1
3,1295390003,6000000,4.0531158447e-06,-1
3,1360839354,6000000,6.1988830566e-06,-1
3,1493283650,6000000,2.8610229492e-06,1
3,1843349527,6000000,4.0531158447e-06,1
3,1980098116,6000000,2.8610229492e-06,-1
3,2109248666,6000000,3.8146972656e-06,-1
3,2147445644,6000000,3.0994415283e-06,-1
3,2147470852,6000000,4.0531158447e-06,-1
 , ,promedio,=sum(D1157:D1176)/count(D1157:D1176), 
3,0,7000000,4.0531158447e-06,-1
3,5000,7000000,4.0531158447e-06,-1
3,61396,7000000,3.8146972656e-06,-1
3,152503,7000000,4.0531158447e-06,-1
3,214826,7000000,5.0067901611e-06,-1
3,322486,7000000,7.1525573730e-06,-1
3,3128036,7000000,5.0067901611e-06,1
3,6337399,7000000,5.9604644775e-06,1
3,10393545,7000000,5.0067901611e-06,1
3,14700764,7000000,4.0531158447e-06,-1
3,187645041,7000000,4.0531158447e-06,-1
3,450057883,7000000,5.0067901611e-06,-1
3,1295390003,7000000,5.0067901611e-06,-1
3,1360839354,7000000,5.9604644775e-06,-1
3,1493283650,7000000,4.0531158447e-06,1
3,1843349527,7000000,5.0067901611e-06,1
3,1980098116,7000000,3.8146972656e-06,-1
3,2109248666,7000000,5.0067901611e-06,1
3,2147445644,7000000,2.8610229492e-06,-1
3,2147470852,7000000,2.8610229492e-06,-1
 , ,promedio,=sum(D1178:D1197)/count(D1178:D1197), 
3,0,8000000,3.8146972656e-06,-1
3,5000,8000000,4.0531158447e-06,-1
3,61396,8000000,4.0531158447e-06,-1
3,152503,8000000,3.8146972656e-06,-1
3,214826,8000000,5.9604644775e-06,-1
3,322486,8000000,6.9141387939e-06,-1
3,3128036,8000000,5.9604644775e-06,1
3,6337399,8000000,5.0067901611e-06,1
3,10393545,8000000,5.0067901611e-06,1
3,14700764,8000000,4.0531158447e-06,-1
3,187645041,8000000,4.0531158447e-06,-1
3,450057883,8000000,6.1988830566e-06,-1
3,1295390003,8000000,5.0067901611e-06,-1
3,1360839354,8000000,6.9141387939e-06,-1
3,1493283650,8000000,3.0994415283e-06,1
3,1843349527,8000000,3.8146972656e-06,1
3,1980098116,8000000,3.0994415283e-06,-1
3,2109248666,8000000,5.0067901611e-06,1
3,2147445644,8000000,2.8610229492e-06,-1
3,2147470852,8000000,5.0067901611e-06,1
 , ,promedio,=sum(D1199:D1218)/count(D1199:D1218), 
3,0,9000000,5.0067901611e-06,-1
3,5000,9000000,4.0531158447e-06,-1
3,61396,9000000,5.9604644775e-06,-1
3,152503,9000000,4.0531158447e-06,-1
3,214826,9000000,6.1988830566e-06,-1
3,322486,9000000,7.8678131104e-06,1
3,3128036,9000000,5.0067901611e-06,1
3,6337399,9000000,5.0067901611e-06,1
3,10393545,9000000,5.0067901611e-06,1
3,14700764,9000000,4.0531158447e-06,-1
3,187645041,9000000,5.0067901611e-06,-1
3,450057883,9000000,5.9604644775e-06,-1
3,1295390003,9000000,5.9604644775e-06,1
3,1360839354,9000000,5.0067901611e-06,-1
3,1493283650,9000000,4.0531158447e-06,1
3,1843349527,9000000,5.0067901611e-06,1
3,1980098116,9000000,4.0531158447e-06,-1
3,2109248666,9000000,5.0067901611e-06,1
3,2147445644,9000000,2.8610229492e-06,-1
3,2147470852,9000000,3.8146972656e-06,1
 , ,promedio,=sum(D1220:D1239)/count(D1220:D1239), 
3,0,10000000,4.0531158447e-06,-1
3,5000,10000000,5.0067901611e-06,-1
3,61396,10000000,5.0067901611e-06,-1
3,152503,10000000,4.0531158447e-06,-1
3,214826,10000000,5.0067901611e-06,-1
3,322486,10000000,6.9141387939e-06,1
3,3128036,10000000,5.0067901611e-06,1
3,6337399,10000000,5.0067901611e-06,1
3,10393545,10000000,5.0067901611e-06,1
3,14700764,10000000,5.0067901611e-06,-1
3,187645041,10000000,5.0067901611e-06,-1
3,450057883,10000000,4.0531158447e-06,-1
3,1295390003,10000000,5.9604644775e-06,1
3,1360839354,10000000,6.1988830566e-06,-1
3,1493283650,10000000,4.0531158447e-06,1
3,1843349527,10000000,5.0067901611e-06,1
3,1980098116,10000000,2.8610229492e-06,-1
3,2109248666,10000000,5.9604644775e-06,1
3,2147445644,10000000,4.0531158447e-06,-1
3,2147470852,10000000,4.0531158447e-06,1
 , ,promedio,=sum(D1241:D1260)/count(D1241:D1260), 
4,0,100,7.8296661377e-04,1
4,5000,100,7.0500373840e-04,-1
4,61396,100,1.8789768219e-03,-1
4,152503,100,7.6603889465e-04,-1
4,214826,100,1.8091201782e-03,-1
4,322486,100,1.0969638824e-03,-1
4,3128036,100,5.5122375488e-04,-1
4,6337399,100,5.1689147949e-04,-1
4,10393545,100,6.2894821167e-04,-1
4,14700764,100,6.1416625977e-04,-1
4,187645041,100,9.5200538635e-04,-1
4,450057883,100,6.9499015808e-04,-1
4,1295390003,100,5.3286552429e-04,-1
4,1360839354,100,5.6791305542e-04,-1
4,1493283650,100,5.4907798767e-04,-1
4,1843349527,100,1.8420219421e-03,-1
4,1980098116,100,6.6995620728e-04,-1
4,2109248666,100,7.0619583130e-04,-1
4,2147445644,100,4.9681663513e-03,-1
4,2147470852,100,2.5949478149e-03,-1
 , ,promedio,=sum(D1262:D1281)/count(D1262:D1281), 
4,0,1000,4.9805641174e-04,1
4,5000,1000,6.7400932312e-04,-1
4,61396,1000,5.2785873413e-04,-1
4,152503,1000,7.3385238647e-04,-1
4,214826,1000,2.6569366455e-03,-1
4,322486,1000,5.9318542480e-04,-1
4,3128036,1000,1.3229846954e-03,-1
4,6337399,1000,8.4304809570e-04,-1
4,10393545,1000,1.6078948975e-03,-1
4,14700764,1000,2.0339488983e-03,-1
4,187645041,1000,1.7957687378e-03,-1
4,450057883,1000,2.0339488983e-03,-1
4,1295390003,1000,6.2298774719e-04,-1
4,1360839354,1000,7.3909759521e-04,-1
4,1493283650,1000,4.3048858643e-03,-1
4,1843349527,1000,7.2717666626e-04,-1
4,1980098116,1000,6.9093704224e-04,-1
4,2109248666,1000,7.3289871216e-04,-1
4,2147445644,1000,6.9093704224e-04,-1
4,2147470852,1000,6.0915946960e-04,-1
 , ,promedio,=sum(D1283:D1302)/count(D1283:D1302), 
4,0,5000,6.4301490784e-04,1
4,5000,5000,7.7986717224e-04,-1
4,61396,5000,6.5803527832e-04,-1
4,152503,5000,9.0503692627e-04,-1
4,214826,5000,6.6614151001e-04,-1
4,322486,5000,8.5902214050e-04,1
4,3128036,5000,1.1408329010e-03,-1
4,6337399,5000,1.1270046234e-03,-1
4,10393545,5000,1.0089874268e-03,-1
4,14700764,5000,7.7414512634e-04,-1
4,187645041,5000,5.8484077454e-04,-1
4,450057883,5000,1.1460781097e-03,-1
4,1295390003,5000,7.5006484985e-04,-1
4,1360839354,5000,3.8721561432e-03,-1
4,1493283650,5000,6.5708160400e-04,-1
4,1843349527,5000,6.2417984009e-04,-1
4,1980098116,5000,5.3691864014e-04,-1
4,2109248666,5000,6.4396858215e-04,-1
4,2147445644,5000,6.8116188049e-04,-1
4,2147470852,5000,6.3705444336e-04,-1
 , ,promedio,=sum(D1304:D1323)/count(D1304:D1323), 
4,0,10000,1.3439655304e-03,1
4,5000,10000,5.3286552429e-04,-1
4,61396,10000,5.7697296143e-04,-1
4,152503,10000,1.3020038605e-03,-1
4,214826,10000,6.5302848816e-04,-1
4,322486,10000,6.3490867615e-04,1
4,3128036,10000,5.5813789368e-04,-1
4,6337399,10000,6.1106681824e-04,-1
4,10393545,10000,6.5302848816e-04,-1
4,14700764,10000,5.8698654175e-04,-1
4,187645041,10000,8.6307525635e-04,-1
4,450057883,10000,5.9390068054e-04,-1
4,1295390003,10000,6.2584877014e-04,-1
4,1360839354,10000,6.8902969360e-04,-1
4,1493283650,10000,6.3610076904e-04,-1
4,1843349527,10000,6.3800811768e-04,-1
4,1980098116,10000,8.7308883667e-04,-1
4,2109248666,10000,6.2203407288e-04,-1
4,2147445644,10000,6.0009956360e-04,-1
4,2147470852,10000,8.9716911316e-04,-1
 , ,promedio,=sum(D1325:D1344)/count(D1325:D1344), 
4,0,50000,8.4090232849e-04,1
4,5000,50000,9.2983245850e-04,-1
4,61396,50000,1.0001659393e-03,-1
4,152503,50000,7.4195861816e-04,-1
4,214826,50000,7.7986717224e-04,-1
4,322486,50000,6.9594383240e-04,1
4,3128036,50000,8.3398818970e-04,1
4,6337399,50000,8.7094306946e-04,1
4,10393545,50000,7.3599815369e-04,-1
4,14700764,50000,6.9808959961e-04,-1
4,187645041,50000,9.4294548035e-04,-1
4,450057883,50000,8.2802772522e-04,-1
4,1295390003,50000,7.9798698425e-04,-1
4,1360839354,50000,9.5415115356e-04,-1
4,1493283650,50000,8.8596343994e-04,-1
4,1843349527,50000,6.5279006958e-04,-1
4,1980098116,50000,8.7308883667e-04,-1
4,2109248666,50000,8.1610679626e-04,-1
4,2147445644,50000,7.5697898865e-04,-1
4,2147470852,50000,8.9097023010e-04,-1
 , ,promedio,=sum(D1346:D1365)/count(D1346:D1365), 
4,0,100000,6.9999694824e-04,1
4,5000,100000,1.0969638824e-03,-1
4,61396,100000,1.0478496552e-03,-1
4,152503,100000,1.0769367218e-03,-1
4,214826,100000,9.0193748474e-04,-1
4,322486,100000,7.2908401489e-04,1
4,3128036,100000,7.6508522034e-04,1
4,6337399,100000,6.8807601929e-04,1
4,10393545,100000,8.4400177002e-04,1
4,14700764,100000,8.6498260498e-04,-1
4,187645041,100000,1.0399818420e-03,-1
4,450057883,100000,9.5081329346e-04,-1
4,1295390003,100000,9.3388557434e-04,-1
4,1360839354,100000,9.2601776123e-04,-1
4,1493283650,100000,1.3899803162e-03,-1
4,1843349527,100000,8.8000297546e-04,-1
4,1980098116,100000,1.0468959808e-03,-1
4,2109248666,100000,8.7904930115e-04,-1
4,2147445644,100000,8.9907646179e-04,-1
4,2147470852,100000,8.7094306946e-04,-1
 , ,promedio,=sum(D1367:D1386)/count(D1367:D1386), 
4,0,200000,8.1276893616e-04,1
4,5000,200000,1.6219615936e-03,-1
4,61396,200000,1.5020370483e-03,-1
4,152503,200000,1.6009807587e-03,-1
4,214826,200000,1.4669895172e-03,-1
4,322486,200000,9.2291831970e-04,1
4,3128036,200000,8.7213516235e-04,1
4,6337399,200000,1.2190341949e-03,1
4,10393545,200000,1.0030269623e-03,1
4,14700764,200000,1.6098022461e-03,-1
4,187645041,200000,1.6551017761e-03,-1
4,450057883,200000,1.9910335541e-03,-1
4,1295390003,200000,1.5439987183e-03,-1
4,1360839354,200000,1.3740062714e-03,-1
4,1493283650,200000,1.4441013336e-03,-1
4,1843349527,200000,1.8789768219e-03,-1
4,1980098116,200000,1.8978118896e-03,-1
4,2109248666,200000,1.8048286438e-03,-1
4,2147445644,200000,1.5799999237e-03,-1
4,2147470852,200000,1.6260147095e-03,-1
 , ,promedio,=sum(D1388:D1407)/count(D1388:D1407), 
4,0,400000,1.3258457184e-03,1
4,5000,400000,2.9389858246e-03,-1
4,61396,400000,3.5068988800e-03,-1
4,152503,400000,3.9057731628e-03,-1
4,214826,400000,3.4060478210e-03,-1
4,322486,400000,1.3999938965e-03,1
4,3128036,400000,1.4510154724e-03,1
4,6337399,400000,1.4851093292e-03,1
4,10393545,400000,1.5320777893e-03,1
4,14700764,400000,3.5181045532e-03,-1
4,187645041,400000,3.4699440002e-03,-1
4,450057883,400000,4.4660568237e-03,-1
4,1295390003,400000,3.4601688385e-03,-1
4,1360839354,400000,2.8450489044e-03,-1
4,1493283650,400000,4.0729045868e-03,-1
4,1843349527,400000,3.8599967957e-03,-1
4,1980098116,400000,3.4639835358e-03,-1
4,2109248666,400000,2.5241374969e-03,-1
4,2147445644,400000,4.5561790466e-03,-1
4,2147470852,400000,3.5090446472e-03,-1
 , ,promedio,=sum(D1409:D1428)/count(D1409:D1428), 
4,0,600000,1.8918514252e-03,1
4,5000,600000,4.9929618835e-03,-1
4,61396,600000,6.5591335297e-03,-1
4,152503,600000,4.9538612366e-03,-1
4,214826,600000,6.6139698029e-03,-1
4,322486,600000,1.8870830536e-03,1
4,3128036,600000,2.2048950195e-03,1
4,6337399,600000,3.7782192230e-03,1
4,10393545,600000,2.1510124207e-03,1
4,14700764,600000,4.5769214630e-03,-1
4,187645041,600000,4.9171447754e-03,-1
4,450057883,600000,4.9870014191e-03,-1
4,1295390003,600000,4.4281482697e-03,-1
4,1360839354,600000,3.9751529694e-03,-1
4,1493283650,600000,5.0530433655e-03,-1
4,1843349527,600000,4.9700737000e-03,-1
4,1980098116,600000,4.9920082092e-03,-1
4,2109248666,600000,5.0680637360e-03,-1
4,2147445644,600000,4.8909187317e-03,-1
4,2147470852,600000,4.9479007721e-03,-1
 , ,promedio,=sum(D1430:D1449)/count(D1430:D1449), 
4,0,800000,2.7830600739e-03,1
4,5000,800000,6.5288543701e-03,-1
4,61396,800000,6.5128803253e-03,-1
4,152503,800000,7.8408718109e-03,-1
4,214826,800000,6.5360069275e-03,-1
4,322486,800000,2.4089813232e-03,1
4,3128036,800000,2.8631687164e-03,1
4,6337399,800000,2.8419494629e-03,1
4,10393545,800000,2.8488636017e-03,1
4,14700764,800000,6.5088272095e-03,-1
4,187645041,800000,6.3889026642e-03,-1
4,450057883,800000,6.4740180969e-03,-1
4,1295390003,800000,6.4949989319e-03,-1
4,1360839354,800000,6.5832138062e-03,-1
4,1493283650,800000,6.5691471100e-03,-1
4,1843349527,800000,6.0970783234e-03,-1
4,1980098116,800000,7.8220367432e-03,-1
4,2109248666,800000,6.5519809723e-03,-1
4,2147445644,800000,6.5457820892e-03,-1
4,2147470852,800000,6.5710544586e-03,-1
 , ,promedio,=sum(D1451:D1470)/count(D1451:D1470), 
4,0,1000000,3.4229755402e-03,1
4,5000,1000000,8.0959796906e-03,-1
4,61396,1000000,7.9591274261e-03,-1
4,152503,1000000,8.0001354218e-03,-1
4,214826,1000000,8.1248283386e-03,-1
4,322486,1000000,3.4818649292e-03,1
4,3128036,1000000,3.4730434418e-03,1
4,6337399,1000000,3.5188198090e-03,1
4,10393545,1000000,3.7169456482e-03,1
4,14700764,1000000,8.0680847168e-03,-1
4,187645041,1000000,7.4191093445e-03,-1
4,450057883,1000000,8.4509849548e-03,-1
4,1295390003,1000000,7.2300434113e-03,-1
4,1360839354,1000000,8.0790519714e-03,-1
4,1493283650,1000000,7.3010921478e-03,-1
4,1843349527,1000000,8.0029964447e-03,-1
4,1980098116,1000000,6.4780712128e-03,-1
4,2109248666,1000000,7.9770088196e-03,-1
4,2147445644,1000000,8.1009864807e-03,-1
4,2147470852,1000000,1.0545969009e-02,-1
 , ,promedio,=sum(D1472:D1491)/count(D1472:D1491), 
4,0,2000000,7.2960853577e-03,1
4,5000,2000000,1.5591859818e-02,-1
4,61396,2000000,2.0434141159e-02,-1
4,152503,2000000,1.3501882553e-02,-1
4,214826,2000000,1.2980937958e-02,-1
4,322486,2000000,1.2543201447e-02,1
4,3128036,2000000,6.3858032227e-03,1
4,6337399,2000000,6.4759254456e-03,1
4,10393545,2000000,6.3109397888e-03,1
4,14700764,2000000,1.9949913025e-02,-1
4,187645041,2000000,1.5672922134e-02,-1
4,450057883,2000000,1.4127016068e-02,-1
4,1295390003,2000000,1.1438846588e-02,-1
4,1360839354,2000000,1.5491008759e-02,-1
4,1493283650,2000000,1.5728950500e-02,-1
4,1843349527,2000000,1.5526056290e-02,-1
4,1980098116,2000000,1.5343189240e-02,-1
4,2109248666,2000000,1.5425920486e-02,-1
4,2147445644,2000000,1.5446901321e-02,-1
4,2147470852,2000000,1.3801097870e-02,-1
 , ,promedio,=sum(D1493:D1512)/count(D1493:D1512), 
4,0,3000000,1.1420011520e-02,1
4,5000,3000000,2.3289918900e-02,-1
4,61396,3000000,2.2068023682e-02,-1
4,152503,3000000,2.2754907608e-02,-1
4,214826,3000000,2.3312091827e-02,-1
4,322486,3000000,8.5611343384e-03,1
4,3128036,3000000,9.4859600067e-03,1
4,6337399,3000000,2.2841930389e-02,1
4,10393545,3000000,9.2711448669e-03,1
4,14700764,3000000,2.5736093521e-02,-1
4,187645041,3000000,2.3103952408e-02,-1
4,450057883,3000000,2.2368907928e-02,-1
4,1295390003,3000000,3.0810117722e-02,-1
4,1360839354,3000000,2.1927833557e-02,-1
4,1493283650,3000000,2.3379087448e-02,-1
4,1843349527,3000000,2.2175073624e-02,-1
4,1980098116,3000000,2.2389888763e-02,-1
4,2109248666,3000000,2.3278951645e-02,-1
4,2147445644,3000000,2.2078990936e-02,-1
4,2147470852,3000000,2.3334026337e-02,-1
 , ,promedio,=sum(D1514:D1533)/count(D1514:D1533), 
4,0,4000000,1.3176918030e-02,1
4,5000,4000000,3.8656949997e-02,-1
4,61396,4000000,3.5722970963e-02,-1
4,152503,4000000,3.0503034592e-02,-1
4,214826,4000000,2.8838157654e-02,-1
4,322486,4000000,2.2060871124e-02,1
4,3128036,4000000,1.2686014175e-02,1
4,6337399,4000000,1.2268066406e-02,1
4,10393545,4000000,1.2592077255e-02,1
4,14700764,4000000,4.0853977203e-02,-1
4,187645041,4000000,2.8063774109e-02,-1
4,450057883,4000000,4.1119098663e-02,-1
4,1295390003,4000000,2.8118848801e-02,-1
4,1360839354,4000000,2.8255939484e-02,-1
4,1493283650,4000000,3.0766010284e-02,-1
4,1843349527,4000000,2.4554967880e-02,-1
4,1980098116,4000000,3.0626058578e-02,-1
4,2109248666,4000000,3.4708023071e-02,-1
4,2147445644,4000000,3.8404941559e-02,-1
4,2147470852,4000000,2.7822017670e-02,-1
 , ,promedio,=sum(D1535:D1554)/count(D1535:D1554), 
4,0,5000000,1.5913009644e-02,1
4,5000,5000000,3.8285970688e-02,-1
4,61396,5000000,3.4678936005e-02,-1
4,152503,5000000,3.8025140762e-02,-1
4,214826,5000000,3.4621953964e-02,-1
4,322486,5000000,1.3001918793e-02,1
4,3128036,5000000,1.6134023666e-02,1
4,6337399,5000000,1.5704870224e-02,1
4,10393545,5000000,2.6659011841e-02,1
4,14700764,5000000,3.4455060959e-02,-1
4,187645041,5000000,3.4126996994e-02,-1
4,450057883,5000000,3.8276910782e-02,-1
4,1295390003,5000000,4.2778015137e-02,-1
4,1360839354,5000000,3.4294843674e-02,-1
4,1493283650,5000000,3.8155078888e-02,-1
4,1843349527,5000000,3.4184932709e-02,-1
4,1980098116,5000000,3.8212060928e-02,-1
4,2109248666,5000000,3.4437894821e-02,-1
4,2147445644,5000000,3.8056850433e-02,-1
4,2147470852,5000000,3.0307054520e-02,-1
 , ,promedio,=sum(D1556:D1575)/count(D1556:D1575), 
4,0,6000000,1.6709089279e-02,1
4,5000,6000000,4.0935993195e-02,-1
4,61396,6000000,4.0219783783e-02,-1
4,152503,6000000,4.7446012497e-02,-1
4,214826,6000000,4.3152093887e-02,-1
4,322486,6000000,1.5861988068e-02,1
4,3128036,6000000,1.8599987030e-02,1
4,6337399,6000000,3.1961917877e-02,1
4,10393545,6000000,2.6606082916e-02,1
4,14700764,6000000,3.7346124649e-02,-1
4,187645041,6000000,4.4291019440e-02,-1
4,450057883,6000000,3.9206981659e-02,-1
4,1295390003,6000000,3.4913063049e-02,-1
4,1360839354,6000000,3.9666891098e-02,-1
4,1493283650,6000000,4.5382022858e-02,-1
4,1843349527,6000000,3.9810895920e-02,-1
4,1980098116,6000000,3.6024093628e-02,-1
4,2109248666,6000000,3.7343978882e-02,-1
4,2147445644,6000000,5.1526069641e-02,-1
4,2147470852,6000000,4.4245004654e-02,-1
 , ,promedio,=sum(D1577:D1596)/count(D1577:D1596), 
4,0,7000000,4.0848970413e-02,1
4,5000,7000000,6.2500953674e-02,-1
4,61396,7000000,5.1398992538e-02,-1
4,152503,7000000,4.5994997025e-02,-1
4,214826,7000000,5.8989048004e-02,-1
4,322486,7000000,2.2132873535e-02,1
4,3128036,7000000,2.1192073822e-02,1
4,6337399,7000000,2.2027015686e-02,1
4,10393545,7000000,3.6664962769e-02,1
4,14700764,7000000,5.7733058929e-02,-1
4,187645041,7000000,6.5802097321e-02,-1
4,450057883,7000000,5.1979064941e-02,-1
4,1295390003,7000000,4.1845083237e-02,1
4,1360839354,7000000,4.8887968063e-02,-1
4,1493283650,7000000,5.4662942886e-02,1
4,1843349527,7000000,4.6700954437e-02,-1
4,1980098116,7000000,5.8503150940e-02,-1
4,2109248666,7000000,4.6901941299e-02,-1
4,2147445644,7000000,5.2980899811e-02,-1
4,2147470852,7000000,4.6133995056e-02,-1
 , ,promedio,=sum(D1598:D1617)/count(D1598:D1617), 
4,0,8000000,3.0941009521e-02,1
4,5000,8000000,5.1220178604e-02,-1
4,61396,8000000,5.3147077560e-02,-1
4,152503,8000000,5.1878929138e-02,-1
4,214826,8000000,7.1462154388e-02,-1
4,322486,8000000,2.9471158981e-02,1
4,3128036,8000000,2.4690151215e-02,1
4,6337399,8000000,2.6510000229e-02,1
4,10393545,8000000,2.5020837784e-02,1
4,14700764,8000000,5.2296876907e-02,-1
4,187645041,8000000,7.3753833771e-02,-1
4,450057883,8000000,5.0721168518e-02,-1
4,1295390003,8000000,5.8660984039e-02,-1
4,1360839354,8000000,6.1429023743e-02,-1
4,1493283650,8000000,5.1689147949e-02,-1
4,1843349527,8000000,6.2201023102e-02,-1
4,1980098116,8000000,5.2002191544e-02,-1
4,2109248666,8000000,5.2275896072e-02,-1
4,2147445644,8000000,5.8571100235e-02,-1
4,2147470852,8000000,5.9283018112e-02,-1
 , ,promedio,=sum(D1619:D1638)/count(D1619:D1638), 
4,0,9000000,2.8204202652e-02,1
4,5000,9000000,6.3954830170e-02,-1
4,61396,9000000,5.6366920471e-02,-1
4,152503,9000000,6.4782857895e-02,-1
4,214826,9000000,5.7101964951e-02,-1
4,322486,9000000,2.8082847595e-02,1
4,3128036,9000000,2.7601003647e-02,1
4,6337399,9000000,2.7848005295e-02,1
4,10393545,9000000,2.7960062027e-02,1
4,14700764,9000000,5.4172039032e-02,-1
4,187645041,9000000,6.3987970352e-02,-1
4,450057883,9000000,5.8170080185e-02,-1
4,1295390003,9000000,5.0920009613e-02,1
4,1360839354,9000000,6.7249059677e-02,-1
4,1493283650,9000000,5.8586120605e-02,1
4,1843349527,9000000,6.2948942184e-02,-1
4,1980098116,9000000,6.4299106598e-02,-1
4,2109248666,9000000,5.9084892273e-02,-1
4,2147445644,9000000,6.8042993546e-02,-1
4,2147470852,9000000,6.0590028763e-02,-1
 , ,promedio,=sum(D1640:D1659)/count(D1640:D1659), 
4,0,10000000,2.6674985886e-02,1
4,5000,10000000,7.5140953064e-02,-1
4,61396,10000000,6.3227891922e-02,-1
4,152503,10000000,6.3312053680e-02,-1
4,214826,10000000,6.8661928177e-02,-1
4,322486,10000000,3.0704975128e-02,1
4,3128036,10000000,3.1056880951e-02,1
4,6337399,10000000,3.0966997147e-02,1
4,10393545,10000000,3.1112909317e-02,1
4,14700764,10000000,6.9874048233e-02,-1
4,187645041,10000000,6.2816858292e-02,-1
4,450057883,10000000,6.8732976913e-02,-1
4,1295390003,10000000,5.0177812576e-02,1
4,1360839354,10000000,7.7492952347e-02,-1
4,1493283650,10000000,5.6985139847e-02,1
4,1843349527,10000000,7.7446222305e-02,1
4,1980098116,10000000,6.9474935532e-02,-1
4,2109248666,10000000,6.4225912094e-02,-1
4,2147445644,10000000,6.9846153259e-02,-1
4,2147470852,10000000,8.1068992615e-02,1
 , ,promedio,=sum(D1661:D1680)/count(D1661:D1680), 
5,0,100,2.0289421082e-04,1
5,5000,100,2.7203559875e-04,-1
5,61396,100,2.3913383484e-04,-1
5,152503,100,2.1910667419e-04,-1
5,214826,100,2.3198127747e-04,-1
5,322486,100,2.8705596924e-04,-1
5,3128036,100,8.2111358643e-04,-1
5,6337399,100,2.0430088043e-03,-1
5,10393545,100,1.6498565674e-04,-1
5,14700764,100,2.8204917908e-04,-1
5,187645041,100,2.8300285339e-04,-1
5,450057883,100,1.5211105347e-03,-1
5,1295390003,100,4.0912628174e-04,-1
5,1360839354,100,2.7799606323e-04,-1
5,1493283650,100,2.5701522827e-04,-1
5,1843349527,100,3.0493736267e-04,-1
5,1980098116,100,1.7094612122e-04,-1
5,2109248666,100,1.8787384033e-04,-1
5,2147445644,100,5.7005882263e-04,-1
5,2147470852,100,3.7813186646e-04,-1
 , ,promedio,=sum(D1682:D1701)/count(D1682:D1701), 
5,0,1000,3.3783912659e-04,1
5,5000,1000,2.0289421082e-04,-1
5,61396,1000,4.8494338989e-04,-1
5,152503,1000,5.4693222046e-04,-1
5,214826,1000,7.8201293945e-04,-1
5,322486,1000,2.2888183594e-04,-1
5,3128036,1000,2.0718574524e-04,-1
5,6337399,1000,1.7595291138e-04,-1
5,10393545,1000,1.7404556274e-04,-1
5,14700764,1000,1.5401840210e-04,-1
5,187645041,1000,6.8402290344e-04,-1
5,450057883,1000,3.0803680420e-04,-1
5,1295390003,1000,1.9598007202e-04,-1
5,1360839354,1000,2.3150444031e-03,-1
5,1493283650,1000,2.1815299988e-04,-1
5,1843349527,1000,1.8382072449e-04,-1
5,1980098116,1000,1.6498565674e-04,-1
5,2109248666,1000,2.5987625122e-04,-1
5,2147445644,1000,2.6702880859e-04,-1
5,2147470852,1000,4.9710273743e-04,-1
 , ,promedio,=sum(D1703:D1722)/count(D1703:D1722), 
5,0,5000,2.0694732666e-04,1
5,5000,5000,2.2006034851e-04,-1
5,61396,5000,1.9693374634e-04,-1
5,152503,5000,1.9907951355e-04,-1
5,214826,5000,2.0289421082e-04,-1
5,322486,5000,2.0098686218e-04,1
5,3128036,5000,2.0599365234e-04,-1
5,6337399,5000,3.1995773315e-04,-1
5,10393545,5000,2.0217895508e-04,-1
5,14700764,5000,2.3293495178e-04,-1
5,187645041,5000,2.0289421082e-04,-1
5,450057883,5000,2.5081634521e-04,-1
5,1295390003,5000,1.9288063049e-04,-1
5,1360839354,5000,2.2101402283e-04,-1
5,1493283650,5000,1.8286705017e-04,-1
5,1843349527,5000,2.2602081299e-04,-1
5,1980098116,5000,2.4485588074e-04,-1
5,2109248666,5000,2.1696090698e-04,-1
5,2147445644,5000,2.2006034851e-04,-1
5,2147470852,5000,2.2315979004e-04,-1
 , ,promedio,=sum(D1724:D1743)/count(D1724:D1743), 
5,0,10000,1.8501281738e-04,1
5,5000,10000,2.4795532227e-04,-1
5,61396,10000,2.4390220642e-04,-1
5,152503,10000,3.0517578125e-04,-1
5,214826,10000,3.2591819763e-04,-1
5,322486,10000,1.9478797913e-04,1
5,3128036,10000,1.7285346985e-04,-1
5,6337399,10000,2.2101402283e-04,-1
5,10393545,10000,2.8109550476e-04,-1
5,14700764,10000,2.3102760315e-04,-1
5,187645041,10000,2.3889541626e-04,-1
5,450057883,10000,2.6202201843e-04,-1
5,1295390003,10000,2.3984909058e-04,-1
5,1360839354,10000,2.1100044250e-04,-1
5,1493283650,10000,9.1886520386e-04,-1
5,1843349527,10000,2.8514862061e-04,-1
5,1980098116,10000,2.1600723267e-04,-1
5,2109248666,10000,2.1100044250e-04,-1
5,2147445644,10000,2.8395652771e-04,-1
5,2147470852,10000,2.2292137146e-04,-1
 , ,promedio,=sum(D1745:D1764)/count(D1745:D1764), 
5,0,50000,2.7799606323e-04,1
5,5000,50000,2.7084350586e-04,-1
5,61396,50000,2.9611587524e-04,-1
5,152503,50000,3.2401084900e-04,-1
5,214826,50000,3.6191940308e-04,-1
5,322486,50000,3.1304359436e-04,1
5,3128036,50000,2.2792816162e-04,1
5,6337399,50000,3.0016899109e-04,1
5,10393545,50000,4.7206878662e-04,-1
5,14700764,50000,2.7179718018e-04,-1
5,187645041,50000,3.1805038452e-04,-1
5,450057883,50000,2.9206275940e-04,-1
5,1295390003,50000,2.9301643372e-04,-1
5,1360839354,50000,2.9015541077e-04,-1
5,1493283650,50000,2.9993057251e-04,-1
5,1843349527,50000,2.8800964355e-04,-1
5,1980098116,50000,2.7394294739e-04,-1
5,2109248666,50000,2.8705596924e-04,-1
5,2147445644,50000,2.7704238892e-04,-1
5,2147470852,50000,2.9397010803e-04,-1
 , ,promedio,=sum(D1766:D1785)/count(D1766:D1785), 
5,0,100000,2.7799606323e-04,1
5,5000,100000,2.9683113098e-04,-1
5,61396,100000,3.3497810364e-04,-1
5,152503,100000,2.7990341187e-04,-1
5,214826,100000,3.3807754517e-04,-1
5,322486,100000,2.8920173645e-04,1
5,3128036,100000,3.3617019653e-04,1
5,6337399,100000,2.8610229492e-04,-1
5,10393545,100000,3.1900405884e-04,-1
5,14700764,100000,3.0088424683e-04,-1
5,187645041,100000,3.0589103699e-04,-1
5,450057883,100000,3.0398368835e-04,-1
5,1295390003,100000,3.0708312988e-04,-1
5,1360839354,100000,2.8514862061e-04,-1
5,1493283650,100000,2.9301643372e-04,-1
5,1843349527,100000,2.7680397034e-04,-1
5,1980098116,100000,2.9301643372e-04,-1
5,2109248666,100000,3.6382675171e-04,-1
5,2147445644,100000,3.4189224243e-04,-1
5,2147470852,100000,3.4117698669e-04,-1
 , ,promedio,=sum(D1787:D1806)/count(D1787:D1806), 
5,0,200000,3.1590461731e-04,1
5,5000,200000,2.9206275940e-04,-1
5,61396,200000,3.0612945557e-04,-1
5,152503,200000,3.0994415283e-04,-1
5,214826,200000,3.2091140747e-04,-1
5,322486,200000,2.9706954956e-04,1
5,3128036,200000,3.4284591675e-04,1
5,6337399,200000,3.1495094299e-04,1
5,10393545,200000,3.1590461731e-04,1
5,14700764,200000,3.0303001404e-04,-1
5,187645041,200000,3.1304359436e-04,-1
5,450057883,200000,2.9993057251e-04,-1
5,1295390003,200000,2.9897689819e-04,-1
5,1360839354,200000,3.0088424683e-04,-1
5,1493283650,200000,3.1495094299e-04,-1
5,1843349527,200000,3.0112266541e-04,-1
5,1980098116,200000,3.0207633972e-04,-1
5,2109248666,200000,2.9802322388e-04,-1
5,2147445644,200000,3.1995773315e-04,-1
5,2147470852,200000,3.0303001404e-04,-1
 , ,promedio,=sum(D1808:D1827)/count(D1808:D1827), 
5,0,400000,3.0994415283e-04,1
5,5000,400000,2.4390220642e-04,-1
5,61396,400000,2.9110908508e-04,-1
5,152503,400000,3.0994415283e-04,-1
5,214826,400000,3.1495094299e-04,-1
5,322486,400000,3.4904479980e-04,1
5,3128036,400000,3.2401084900e-04,1
5,6337399,400000,3.0398368835e-04,1
5,10393545,400000,3.1280517578e-04,1
5,14700764,400000,3.0899047852e-04,-1
5,187645041,400000,3.1709671021e-04,-1
5,450057883,400000,3.3617019653e-04,-1
5,1295390003,400000,3.2401084900e-04,-1
5,1360839354,400000,3.2401084900e-04,-1
5,1493283650,400000,3.1304359436e-04,-1
5,1843349527,400000,3.1399726868e-04,-1
5,1980098116,400000,3.2186508179e-04,-1
5,2109248666,400000,3.2305717468e-04,-1
5,2147445644,400000,3.2281875610e-04,-1
5,2147470852,400000,3.5905838013e-04,-1
 , ,promedio,=sum(D1829:D1848)/count(D1829:D1848), 
5,0,600000,3.4093856812e-04,1
5,5000,600000,3.3998489380e-04,-1
5,61396,600000,3.4093856812e-04,-1
5,152503,600000,3.0899047852e-04,-1
5,214826,600000,3.1900405884e-04,-1
5,322486,600000,3.1805038452e-04,1
5,3128036,600000,3.4022331238e-04,1
5,6337399,600000,3.0899047852e-04,1
5,10393545,600000,3.2401084900e-04,1
5,14700764,600000,3.2186508179e-04,-1
5,187645041,600000,3.2186508179e-04,-1
5,450057883,600000,3.2114982605e-04,-1
5,1295390003,600000,3.3497810364e-04,-1
5,1360839354,600000,3.4308433533e-04,-1
5,1493283650,600000,3.6621093750e-04,-1
5,1843349527,600000,3.1208992004e-04,-1
5,1980098116,600000,3.3712387085e-04,-1
5,2109248666,600000,3.8599967957e-04,-1
5,2147445644,600000,3.1685829163e-04,-1
5,2147470852,600000,3.8695335388e-04,-1
 , ,promedio,=sum(D1850:D1869)/count(D1850:D1869), 
5,0,800000,3.2114982605e-04,1
5,5000,800000,3.0779838562e-04,-1
5,61396,800000,3.2496452332e-04,-1
5,152503,800000,3.1495094299e-04,-1
5,214826,800000,3.6692619324e-04,-1
5,322486,800000,3.5905838013e-04,1
5,3128036,800000,3.6215782166e-04,1
5,6337399,800000,3.3593177795e-04,1
5,10393545,800000,3.2401084900e-04,1
5,14700764,800000,3.3497810364e-04,-1
5,187645041,800000,3.5095214844e-04,-1
5,450057883,800000,3.2210350037e-04,-1
5,1295390003,800000,3.6597251892e-04,-1
5,1360839354,800000,3.1709671021e-04,-1
5,1493283650,800000,3.6597251892e-04,-1
5,1843349527,800000,3.4713745117e-04,-1
5,1980098116,800000,3.2186508179e-04,-1
5,2109248666,800000,3.7312507629e-04,-1
5,2147445644,800000,3.2806396484e-04,-1
5,2147470852,800000,3.5595893860e-04,-1
 , ,promedio,=sum(D1871:D1890)/count(D1871:D1890), 
5,0,1000000,3.2401084900e-04,1
5,5000,1000000,3.2901763916e-04,-1
5,61396,1000000,3.5691261292e-04,-1
5,152503,1000000,3.2091140747e-04,-1
5,214826,1000000,3.5977363586e-04,-1
5,322486,1000000,2.1505355835e-04,1
5,3128036,1000000,3.2019615173e-04,1
5,6337399,1000000,3.2591819763e-04,1
5,10393545,1000000,3.2997131348e-04,1
5,14700764,1000000,3.2615661621e-04,-1
5,187645041,1000000,2.4318695068e-04,-1
5,450057883,1000000,3.5810470581e-04,-1
5,1295390003,1000000,3.1614303589e-04,-1
5,1360839354,1000000,3.2901763916e-04,-1
5,1493283650,1000000,2.7894973755e-04,-1
5,1843349527,1000000,3.1781196594e-04,-1
5,1980098116,1000000,3.3378601074e-04,-1
5,2109248666,1000000,3.1208992004e-04,-1
5,2147445644,1000000,3.7002563477e-04,-1
5,2147470852,1000000,3.2591819763e-04,-1
 , ,promedio,=sum(D1892:D1911)/count(D1892:D1911), 
5,0,2000000,3.3211708069e-04,1
5,5000,2000000,2.8920173645e-04,-1
5,61396,2000000,2.9921531677e-04,-1
5,152503,2000000,3.1590461731e-04,-1
5,214826,2000000,2.7799606323e-04,-1
5,322486,2000000,3.0994415283e-04,1
5,3128036,2000000,3.3020973206e-04,1
5,6337399,2000000,3.7097930908e-04,1
5,10393545,2000000,2.4104118347e-04,1
5,14700764,2000000,3.1304359436e-04,-1
5,187645041,2000000,3.2806396484e-04,-1
5,450057883,2000000,2.9492378235e-04,-1
5,1295390003,2000000,2.7489662170e-04,-1
5,1360839354,2000000,3.0183792114e-04,-1
5,1493283650,2000000,2.9993057251e-04,-1
5,1843349527,2000000,3.1304359436e-04,-1
5,1980098116,2000000,3.2210350037e-04,-1
5,2109248666,2000000,3.2997131348e-04,-1
5,2147445644,2000000,2.8300285339e-04,-1
5,2147470852,2000000,3.3187866211e-04,-1
 , ,promedio,=sum(D1913:D1932)/count(D1913:D1932), 
5,0,3000000,3.1113624573e-04,1
5,5000,3000000,3.2901763916e-04,-1
5,61396,3000000,3.3903121948e-04,-1
5,152503,3000000,2.1004676819e-04,-1
5,214826,3000000,6.7186355591e-04,-1
5,322486,3000000,3.2091140747e-04,1
5,3128036,3000000,2.4795532227e-04,1
5,6337399,3000000,2.0694732666e-04,1
5,10393545,3000000,2.5200843811e-04,1
5,14700764,3000000,2.6798248291e-04,-1
5,187645041,3000000,3.3307075500e-04,-1
5,450057883,3000000,3.1781196594e-04,-1
5,1295390003,3000000,2.6106834412e-04,-1
5,1360839354,3000000,3.0994415283e-04,-1
5,1493283650,3000000,3.0398368835e-04,-1
5,1843349527,3000000,2.3221969604e-04,-1
5,1980098116,3000000,3.3402442932e-04,-1
5,2109248666,3000000,3.0398368835e-04,-1
5,2147445644,3000000,2.4294853210e-04,-1
5,2147470852,3000000,3.3402442932e-04,-1
 , ,promedio,=sum(D1934:D1953)/count(D1934:D1953), 
5,0,4000000,3.5905838013e-04,1
5,5000,4000000,3.6096572876e-04,-1
5,61396,4000000,3.1495094299e-04,-1
5,152503,4000000,2.0813941956e-04,-1
5,214826,4000000,3.1018257141e-04,-1
5,322486,4000000,3.2901763916e-04,1
5,3128036,4000000,3.2496452332e-04,1
5,6337399,4000000,3.3307075500e-04,1
5,10393545,4000000,3.3402442932e-04,1
5,14700764,4000000,3.3402442932e-04,-1
5,187645041,4000000,3.6811828613e-04,-1
5,450057883,4000000,3.6692619324e-04,-1
5,1295390003,4000000,3.3807754517e-04,-1
5,1360839354,4000000,3.5309791565e-04,-1
5,1493283650,4000000,3.7002563477e-04,-1
5,1843349527,4000000,3.5595893860e-04,-1
5,1980098116,4000000,3.1709671021e-04,-1
5,2109248666,4000000,3.1399726868e-04,-1
5,2147445644,4000000,3.1995773315e-04,-1
5,2147470852,4000000,3.5405158997e-04,-1
 , ,promedio,=sum(D1955:D1974)/count(D1955:D1974), 
5,0,5000000,3.1399726868e-04,1
5,5000,5000000,2.4890899658e-04,-1
5,61396,5000000,2.3889541626e-04,-1
5,152503,5000000,3.2997131348e-04,-1
5,214826,5000000,3.3307075500e-04,-1
5,322486,5000000,3.1900405884e-04,1
5,3128036,5000000,3.1805038452e-04,1
5,6337399,5000000,4.3821334839e-04,1
5,10393545,5000000,3.2997131348e-04,1
5,14700764,5000000,3.1399726868e-04,-1
5,187645041,5000000,3.2496452332e-04,-1
5,450057883,5000000,3.2091140747e-04,-1
5,1295390003,5000000,4.0102005005e-04,-1
5,1360839354,5000000,3.3593177795e-04,-1
5,1493283650,5000000,3.4499168396e-04,-1
5,1843349527,5000000,2.6082992554e-04,-1
5,1980098116,5000000,3.2711029053e-04,-1
5,2109248666,5000000,3.1518936157e-04,-1
5,2147445644,5000000,3.7693977356e-04,-1
5,2147470852,5000000,3.2687187195e-04,-1
 , ,promedio,=sum(D1976:D1995)/count(D1976:D1995), 
5,0,6000000,3.2091140747e-04,1
5,5000,6000000,3.2615661621e-04,-1
5,61396,6000000,3.9100646973e-04,-1
5,152503,6000000,3.3903121948e-04,-1
5,214826,6000000,3.2591819763e-04,-1
5,322486,6000000,3.6096572876e-04,1
5,3128036,6000000,3.2591819763e-04,1
5,6337399,6000000,3.1280517578e-04,1
5,10393545,6000000,3.2114982605e-04,1
5,14700764,6000000,3.8480758667e-04,-1
5,187645041,6000000,3.3998489380e-04,-1
5,450057883,6000000,3.2711029053e-04,-1
5,1295390003,6000000,3.1518936157e-04,-1
5,1360839354,6000000,3.2806396484e-04,-1
5,1493283650,6000000,3.2591819763e-04,-1
5,1843349527,6000000,4.0507316589e-04,-1
5,1980098116,6000000,3.3020973206e-04,-1
5,2109248666,6000000,3.3688545227e-04,-1
5,2147445644,6000000,2.4080276489e-04,-1
5,2147470852,6000000,3.4189224243e-04,-1
 , ,promedio,=sum(D1997:D2016)/count(D1997:D2016), 
5,0,7000000,3.2401084900e-04,1
5,5000,7000000,3.1995773315e-04,-1
5,61396,7000000,3.6215782166e-04,-1
5,152503,7000000,3.4809112549e-04,-1
5,214826,7000000,3.9005279541e-04,-1
5,322486,7000000,3.6191940308e-04,1
5,3128036,7000000,3.0493736267e-04,1
5,6337399,7000000,3.3998489380e-04,1
5,10393545,7000000,3.2210350037e-04,1
5,14700764,7000000,3.2711029053e-04,-1
5,187645041,7000000,3.1995773315e-04,-1
5,450057883,7000000,3.1113624573e-04,-1
5,1295390003,7000000,3.1709671021e-04,-1
5,1360839354,7000000,3.1709671021e-04,-1
5,1493283650,7000000,3.1495094299e-04,-1
5,1843349527,7000000,3.1304359436e-04,-1
5,1980098116,7000000,3.1590461731e-04,-1
5,2109248666,7000000,3.1614303589e-04,-1
5,2147445644,7000000,3.1805038452e-04,-1
5,2147470852,7000000,3.2186508179e-04,-1
 , ,promedio,=sum(D2018:D2037)/count(D2018:D2037), 
5,0,8000000,3.3593177795e-04,1
5,5000,8000000,3.1995773315e-04,-1
5,61396,8000000,3.1614303589e-04,-1
5,152503,8000000,3.2591819763e-04,-1
5,214826,8000000,3.4999847412e-04,-1
5,322486,8000000,3.2806396484e-04,1
5,3128036,8000000,3.3092498779e-04,1
5,6337399,8000000,3.5190582275e-04,1
5,10393545,8000000,3.5309791565e-04,1
5,14700764,8000000,3.2901763916e-04,-1
5,187645041,8000000,3.4403800964e-04,-1
5,450057883,8000000,3.3497810364e-04,-1
5,1295390003,8000000,3.4403800964e-04,-1
5,1360839354,8000000,3.2711029053e-04,-1
5,1493283650,8000000,2.9802322388e-04,-1
5,1843349527,8000000,2.2912025452e-04,-1
5,1980098116,8000000,2.1409988403e-04,-1
5,2109248666,8000000,2.9301643372e-04,-1
5,2147445644,8000000,3.6597251892e-04,-1
5,2147470852,8000000,3.1995773315e-04,-1
 , ,promedio,=sum(D2039:D2058)/count(D2039:D2058), 
5,0,9000000,3.3307075500e-04,1
5,5000,9000000,3.2901763916e-04,-1
5,61396,9000000,2.5486946106e-04,-1
5,152503,9000000,2.4414062500e-04,-1
5,214826,9000000,3.5595893860e-04,-1
5,322486,9000000,3.6597251892e-04,1
5,3128036,9000000,3.1995773315e-04,1
5,6337399,9000000,3.3092498779e-04,1
5,10393545,9000000,3.3807754517e-04,1
5,14700764,9000000,3.2901763916e-04,-1
5,187645041,9000000,3.1900405884e-04,-1
5,450057883,9000000,3.1495094299e-04,-1
5,1295390003,9000000,3.3497810364e-04,-1
5,1360839354,9000000,3.2806396484e-04,-1
5,1493283650,9000000,3.2186508179e-04,-1
5,1843349527,9000000,3.0994415283e-04,-1
5,1980098116,9000000,3.1518936157e-04,-1
5,2109248666,9000000,3.0994415283e-04,-1
5,2147445644,9000000,3.1495094299e-04,-1
5,2147470852,9000000,3.1590461731e-04,-1
 , ,promedio,=sum(D2060:D2079)/count(D2060:D2079), 
5,0,10000000,3.1495094299e-04,1
5,5000,10000000,3.2305717468e-04,-1
5,61396,10000000,2.4390220642e-04,-1
5,152503,10000000,3.1900405884e-04,-1
5,214826,10000000,3.6096572876e-04,-1
5,322486,10000000,3.3402442932e-04,1
5,3128036,10000000,3.4403800964e-04,1
5,6337399,10000000,3.3307075500e-04,1
5,10393545,10000000,3.2401084900e-04,1
5,14700764,10000000,3.8599967957e-04,-1
5,187645041,10000000,3.5500526428e-04,-1
5,450057883,10000000,3.4713745117e-04,-1
5,1295390003,10000000,3.1709671021e-04,-1
5,1360839354,10000000,3.4284591675e-04,-1
5,1493283650,10000000,3.1900405884e-04,-1
5,1843349527,10000000,3.1518936157e-04,-1
5,1980098116,10000000,2.5582313538e-04,-1
5,2109248666,10000000,3.3116340637e-04,-1
5,2147445644,10000000,3.1113624573e-04,-1
5,2147470852,10000000,3.4403800964e-04,-1
 , ,promedio,=sum(D2081:D2100)/count(D2081:D2100), 
